,sl_no,State_Name,District_Name,Market_Name,Variety,Group,Arrivals,Min_price,Max_price,Modal_Price,Price_Date
0,1,Gujarat,Vadodara(Baroda),Bodeli,Shanker 6 (B) 30mm FIne,Fibre Crops,439.0,4881,5000,4949,2014-01-02
5,6,Gujarat,Vadodara(Baroda),Bodeli,Shanker 6 (B) 30mm FIne,Fibre Crops,400.0,4861,5001,4950,2014-01-04
17,18,Gujarat,Vadodara(Baroda),Vagodiya,HB6,Fibre Crops,1.2,4600,4700,4650,2014-01-06
18,19,Gujarat,Vadodara(Baroda),Bodeli,Shanker 6 (B) 30mm FIne,Fibre Crops,450.0,4950,5100,5001,2014-01-08
30,31,Gujarat,Vadodara(Baroda),Jetpur-Pavi,Shanker 6 (B) 30mm FIne,Fibre Crops,17.5,4911,5001,4945,2014-01-10
32,33,Gujarat,Vadodara(Baroda),Bodeli,Shanker 6 (B) 30mm FIne,Fibre Crops,45.0,4950,5050,5000,2014-01-12
36,37,Gujarat,Vadodara(Baroda),Bodeli,Shanker 6 (B) 30mm FIne,Fibre Crops,225.0,4950,5050,5000,2014-01-13
47,48,Gujarat,Vadodara(Baroda),Jetpur-Pavi,Shanker 6 (B) 30mm FIne,Fibre Crops,17.0,4921,5001,4965,2014-01-14
48,49,Gujarat,Vadodara(Baroda),Bodeli,Shanker 6 (B) 30mm FIne,Fibre Crops,235.0,5200,5334,5300,2014-01-16
60,61,Gujarat,Vadodara(Baroda),Nasvadi,Other,Fibre Crops,13.5,4810,5065,4975,2014-01-18
66,67,Gujarat,Vadodara(Baroda),Karjan,Shanker 6 (B) 30mm FIne,Fibre Crops,386.5,4951,5150,5100,2014-01-20
68,69,Gujarat,Vadodara(Baroda),Bodeli,Shanker 6 (B) 30mm FIne,Fibre Crops,210.0,5000,5100,5050,2014-01-22
81,82,Gujarat,Vadodara(Baroda),Nasvadi(Thalkala),Other,Fibre Crops,6.2,5010,5175,5090,2014-01-24
82,83,Gujarat,Vadodara(Baroda),Bodeli,Shanker 6 (B) 30mm FIne,Fibre Crops,13.0,5200,5325,5250,2014-01-26
93,94,Gujarat,Vadodara(Baroda),Nasvadi(Thalkala),Other,Fibre Crops,8.0,4960,5100,5050,2014-01-28
100,101,Gujarat,Vadodara(Baroda),Karjan,Shanker 6 (B) 30mm FIne,Fibre Crops,338.15,4951,5051,5011,2014-01-30
101,102,Gujarat,Vadodara(Baroda),Bodeli,Shanker 6 (B) 30mm FIne,Fibre Crops,794.0,5100,5165,5150,2014-02-02
112,113,Gujarat,Vadodara(Baroda),Nasvadi(Thalkala),Other,Fibre Crops,8.5,5000,5200,5125,2014-02-03
113,114,Gujarat,Vadodara(Baroda),Bodeli,Shanker 6 (B) 30mm FIne,Fibre Crops,688.0,5101,5184,5150,2014-02-04
126,127,Gujarat,Vadodara(Baroda),Karjan,Shanker 6 (B) 30mm FIne,Fibre Crops,614.93,4951,5125,5075,2014-02-06
129,130,Gujarat,Vadodara(Baroda),Bodeli,Shanker 6 (B) 30mm FIne,Fibre Crops,545.0,5100,5300,5200,2014-02-08
144,145,Gujarat,Vadodara(Baroda),Nasvadi(Thalkala),Other,Fibre Crops,6.0,4965,5185,5100,2014-02-10
145,146,Gujarat,Vadodara(Baroda),Bodeli,Shanker 6 (B) 30mm FIne,Fibre Crops,239.0,5150,5235,5200,2014-02-11
157,158,Gujarat,Vadodara(Baroda),Nasvadi,Other,Fibre Crops,16.5,4900,5160,5075,2014-02-12
159,160,Gujarat,Vadodara(Baroda),Bodeli,Shanker 6 (B) 30mm FIne,Fibre Crops,245.0,5100,5250,5200,2014-02-14
169,170,Gujarat,Vadodara(Baroda),Bodeli(Modasar),Shanker 6 (B) 30mm FIne,Fibre Crops,35.0,5101,5170,5125,2014-02-15
172,173,Gujarat,Vadodara(Baroda),Bodeli,Shanker 6 (B) 30mm FIne,Fibre Crops,42.0,5100,5250,5200,2014-02-16
181,182,Gujarat,Vadodara(Baroda),Karjan,Shanker 6 (B) 30mm FIne,Fibre Crops,661.3,5051,5165,5131,2014-02-18
190,191,Gujarat,Vadodara(Baroda),Nasvadi,Other,Fibre Crops,16.0,4885,5050,4975,2014-02-20
192,193,Gujarat,Vadodara(Baroda),Bodeli,Shanker 6 (B) 30mm FIne,Fibre Crops,421.0,5050,5150,5100,2014-02-22
201,202,Gujarat,Vadodara(Baroda),Jetpur-Pavi,Shanker 6 (B) 30mm FIne,Fibre Crops,18.5,5000,5101,5075,2014-02-24
207,208,Gujarat,Vadodara(Baroda),Jetpur-Pavi,Shanker 6 (B) 30mm FIne,Fibre Crops,15.0,5000,5101,5065,2014-02-26
209,210,Gujarat,Vadodara(Baroda),Bodeli,Shanker 6 (B) 30mm FIne,Fibre Crops,89.0,5000,5100,5050,2014-02-28
218,219,Gujarat,Vadodara(Baroda),Bodeli(Modasar),Shanker 6 (B) 30mm FIne,Fibre Crops,10.0,5000,5100,5050,2014-03-02
219,220,Gujarat,Vadodara(Baroda),Bodeli,Shanker 6 (B) 30mm FIne,Fibre Crops,340.0,5001,5101,5050,2014-03-04
231,232,Gujarat,Vadodara(Baroda),Nasvadi,Other,Fibre Crops,8.0,4900,5100,5025,2014-03-06
232,233,Gujarat,Vadodara(Baroda),Bodeli,Shanker 6 (B) 30mm FIne,Fibre Crops,268.0,5000,5100,5050,2014-03-08
242,243,Gujarat,Vadodara(Baroda),Jetpur-Pavi,Shanker 6 (B) 30mm FIne,Fibre Crops,12.5,4900,5100,5000,2014-03-10
250,251,Gujarat,Vadodara(Baroda),Karjan,Shanker 6 (B) 30mm FIne,Fibre Crops,335.91,4900,5175,5111,2014-03-12
252,253,Gujarat,Vadodara(Baroda),Bodeli,Shanker 6 (B) 30mm FIne,Fibre Crops,215.0,5001,5100,5050,2014-03-13
265,266,Gujarat,Vadodara(Baroda),Nasvadi,Other,Fibre Crops,3.5,4785,5000,4950,2014-03-14
266,267,Gujarat,Vadodara(Baroda),Bodeli,Shanker 6 (B) 30mm FIne,Fibre Crops,15.0,5000,5136,5050,2014-03-16
270,271,Gujarat,Vadodara(Baroda),Bodeli,Shanker 6 (B) 30mm FIne,Fibre Crops,1.0,5000,5100,5050,2014-03-18
281,282,Gujarat,Vadodara(Baroda),Karjan,Shanker 6 (B) 30mm FIne,Fibre Crops,212.66,4825,5075,5050,2014-03-20
293,294,Gujarat,Vadodara(Baroda),Karjan,Shanker 6 (B) 30mm FIne,Fibre Crops,243.2,4821,5100,5025,2014-03-22
299,300,Gujarat,Vadodara(Baroda),Karjan,Shanker 6 (B) 30mm FIne,Fibre Crops,180.0,4800,5100,5001,2014-03-26
300,301,Gujarat,Vadodara(Baroda),Bodeli,Shanker 6 (B) 30mm FIne,Fibre Crops,241.0,5100,5200,5150,2014-03-28
306,307,Gujarat,Vadodara(Baroda),Bodeli,Shanker 6 (B) 30mm FIne,Fibre Crops,10.0,5000,5175,5125,2014-03-30
314,315,Gujarat,Vadodara(Baroda),Jetpur-Pavi,Shanker 6 (B) 30mm FIne,Fibre Crops,8.2,5051,5100,5065,2014-04-02
316,317,Gujarat,Vadodara(Baroda),Bodeli,Shanker 6 (B) 30mm FIne,Fibre Crops,278.0,5000,5150,5075,2014-04-03
327,328,Gujarat,Vadodara(Baroda),Karjan,Shanker 6 (B) 30mm FIne,Fibre Crops,138.26,4751,5100,4925,2014-04-04
328,329,Gujarat,Vadodara(Baroda),Bodeli,Shanker 6 (B) 30mm FIne,Fibre Crops,30.0,5000,5150,5100,2014-04-06
332,333,Gujarat,Vadodara(Baroda),Bodeli,Shanker 6 (B) 30mm FIne,Fibre Crops,10.0,5000,5151,5050,2014-04-08
341,342,Gujarat,Vadodara(Baroda),Jetpur-Pavi,Shanker 6 (B) 30mm FIne,Fibre Crops,6.5,4850,4995,4865,2014-04-10
347,348,Gujarat,Vadodara(Baroda),Jetpur-Pavi,Shanker 6 (B) 30mm FIne,Fibre Crops,7.5,4821,5001,4951,2014-04-12
349,350,Gujarat,Vadodara(Baroda),Bodeli,Shanker 6 (B) 30mm FIne,Fibre Crops,240.0,4900,5171,5100,2014-04-14
359,360,Gujarat,Vadodara(Baroda),Karjan,Shanker 6 (B) 30mm FIne,Fibre Crops,113.89,4000,4200,4100,2014-04-16
360,361,Gujarat,Vadodara(Baroda),Bodeli,Shanker 6 (B) 30mm FIne,Fibre Crops,105.0,4900,5175,5100,2014-04-18
365,366,Gujarat,Vadodara(Baroda),Bodeli,Shanker 6 (B) 30mm FIne,Fibre Crops,4.0,5000,5250,5150,2014-04-20
374,375,Gujarat,Vadodara(Baroda),Karjan,Shanker 6 (B) 30mm FIne,Fibre Crops,108.53,3700,3900,3800,2014-04-22
376,377,Gujarat,Vadodara(Baroda),Bodeli,Shanker 6 (B) 30mm FIne,Fibre Crops,35.0,5000,5250,5125,2014-04-24
381,382,Gujarat,Vadodara(Baroda),Bodeli,Shanker 6 (B) 30mm FIne,Fibre Crops,56.0,4900,5300,5200,2014-04-26
391,392,Gujarat,Vadodara(Baroda),Vagodiya,HB6,Fibre Crops,2.8,1450,1550,1500,2014-04-28
392,393,Gujarat,Vadodara(Baroda),Bodeli,Shanker 6 (B) 30mm FIne,Fibre Crops,36.0,5000,5450,5300,2014-04-29
400,401,Gujarat,Vadodara(Baroda),Bodeli(Modasar),Shanker 6 (B) 30mm FIne,Fibre Crops,1.0,4901,5300,5100,2014-05-02
404,405,Gujarat,Vadodara(Baroda),Bodeli(Modasar),Shanker 6 (B) 30mm FIne,Fibre Crops,4.0,4800,5400,4900,2014-05-04
405,406,Gujarat,Vadodara(Baroda),Bodeli,Shanker 6 (B) 30mm FIne,Fibre Crops,354.0,4900,5400,5200,2014-05-05
410,411,Gujarat,Vadodara(Baroda),Bodeli,Shanker 6 (B) 30mm FIne,Fibre Crops,332.0,4901,5454,5250,2014-05-06
418,419,Gujarat,Vadodara(Baroda),Bodeli(Modasar),Shanker 6 (B) 30mm FIne,Fibre Crops,2.0,4600,5300,4950,2014-05-08
422,423,Gujarat,Vadodara(Baroda),Bodeli,Shanker 6 (B) 30mm FIne,Fibre Crops,333.0,4000,5354,5150,2014-05-10
427,428,Gujarat,Vadodara(Baroda),Bodeli,Shanker 6 (B) 30mm FIne,Fibre Crops,259.0,4000,5301,5150,2014-05-12
436,437,Gujarat,Vadodara(Baroda),Karjan,Shanker 6 (B) 30mm FIne,Fibre Crops,73.95,3700,4000,3800,2014-05-14
437,438,Gujarat,Vadodara(Baroda),Bodeli,Shanker 6 (B) 30mm FIne,Fibre Crops,211.0,3737,4701,4500,2014-05-16
442,443,Gujarat,Vadodara(Baroda),Bodeli,Shanker 6 (B) 30mm FIne,Fibre Crops,1.0,4000,4400,4200,2014-05-18
449,450,Gujarat,Vadodara(Baroda),Karjan,Shanker 6 (B) 30mm FIne,Fibre Crops,20.16,3500,3900,3750,2014-05-19
450,451,Gujarat,Vadodara(Baroda),Bodeli,Shanker 6 (B) 30mm FIne,Fibre Crops,75.0,3800,4901,4650,2014-05-20
456,457,Gujarat,Vadodara(Baroda),Bodeli,Shanker 6 (B) 30mm FIne,Fibre Crops,145.0,3535,4848,4500,2014-05-22
464,465,Gujarat,Vadodara(Baroda),Bodeli(Modasar),Shanker 6 (B) 30mm FIne,Fibre Crops,1.0,4000,4750,4550,2014-05-24
466,467,Gujarat,Vadodara(Baroda),Bodeli,Shanker 6 (B) 30mm FIne,Fibre Crops,85.0,3650,5250,4150,2014-05-26
471,472,Gujarat,Vadodara(Baroda),Bodeli,Shanker 6 (B) 30mm FIne,Fibre Crops,15.0,4000,4800,4600,2014-05-28
479,480,Gujarat,Vadodara(Baroda),Bodeli(Modasar),Shanker 6 (B) 30mm FIne,Fibre Crops,2.0,3700,4200,4100,2014-05-30
481,482,Gujarat,Vadodara(Baroda),Bodeli,Shanker 6 (B) 30mm FIne,Fibre Crops,10.0,3500,3800,3650,2014-06-02
484,485,Gujarat,Vadodara(Baroda),Bodeli,Shanker 6 (B) 30mm FIne,Fibre Crops,23.0,3200,3800,3500,2014-06-04
485,486,Gujarat,Vadodara(Baroda),Bodeli,Shanker 6 (B) 30mm FIne,Fibre Crops,265.0,3200,3850,3475,2014-06-06
486,487,Gujarat,Vadodara(Baroda),Bodeli(Kalediya),Shanker 6 (B) 30mm FIne,Fibre Crops,15.0,3325,3325,3325,2014-10-02
487,488,Gujarat,Vadodara(Baroda),Bodeli(Kalediya),Shanker 6 (B) 30mm FIne,Fibre Crops,10.0,3250,3300,3275,2014-10-03
488,489,Gujarat,Vadodara(Baroda),Bodeli(Kalediya),Shanker 6 (B) 30mm FIne,Fibre Crops,10.0,3250,3350,3300,2014-10-04
490,491,Gujarat,Vadodara(Baroda),Bodeli,Shanker 6 (B) 30mm FIne,Fibre Crops,10.0,3200,3350,3320,2014-10-06
492,493,Gujarat,Vadodara(Baroda),Bodeli,Shanker 6 (B) 30mm FIne,Fibre Crops,10.0,3300,3400,3350,2014-10-08
498,499,Gujarat,Vadodara(Baroda),Karjan,Shanker 6 (B) 30mm FIne,Fibre Crops,17.85,3500,3700,3600,2014-10-09
500,501,Gujarat,Vadodara(Baroda),Bodeli,Shanker 6 (B) 30mm FIne,Fibre Crops,22.0,3400,3700,3600,2014-10-10
503,504,Gujarat,Vadodara(Baroda),Bodeli,Shanker 6 (B) 30mm FIne,Fibre Crops,35.0,3750,3900,3850,2014-10-12
505,506,Gujarat,Vadodara(Baroda),Bodeli,Shanker 6 (B) 30mm FIne,Fibre Crops,25.0,3750,3900,3850,2014-10-14
508,509,Gujarat,Vadodara(Baroda),Bodeli,Shanker 6 (B) 30mm FIne,Fibre Crops,22.0,3800,3900,3850,2014-10-16
514,515,Gujarat,Vadodara(Baroda),Vagodiya,HB6,Fibre Crops,0.15,3200,3500,3300,2014-10-17
515,516,Gujarat,Vadodara(Baroda),Bodeli,Shanker 6 (B) 30mm FIne,Fibre Crops,21.0,3800,3900,3850,2014-10-18
518,519,Gujarat,Vadodara(Baroda),Bodeli,Shanker 6 (B) 30mm FIne,Fibre Crops,34.0,3850,3950,3900,2014-10-20
521,522,Gujarat,Vadodara(Baroda),Bodeli,Shanker 6 (B) 30mm FIne,Fibre Crops,12.0,3800,3950,3900,2014-10-22
526,527,Gujarat,Vadodara(Baroda),Bodeli(Modasar),Shanker 6 (B) 30mm FIne,Fibre Crops,11.0,3800,3950,3900,2014-10-24
528,529,Gujarat,Vadodara(Baroda),Bodeli(Kalediya),Shanker 6 (B) 30mm FIne,Fibre Crops,11.0,3800,3950,3900,2014-10-25
530,531,Gujarat,Vadodara(Baroda),Bodeli,Shanker 6 (B) 30mm FIne,Fibre Crops,11.0,3850,3950,3900,2014-10-26
537,538,Gujarat,Vadodara(Baroda),Vagodiya,HB6,Fibre Crops,0.5,3100,3300,3200,2014-10-28
538,539,Gujarat,Vadodara(Baroda),Bodeli,Shanker 6 (B) 30mm FIne,Fibre Crops,60.0,4025,4025,4025,2014-10-30
544,545,Gujarat,Vadodara(Baroda),Bodeli(Hadod),Shanker 6 (B) 30mm FIne,Fibre Crops,4.0,4000,4025,4015,2014-11-01
549,550,Gujarat,Vadodara(Baroda),Bodeli,Shanker 6 (B) 30mm FIne,Fibre Crops,24.0,4000,4025,4015,2014-11-02
556,557,Gujarat,Vadodara(Baroda),Bodeli(Modasar),Shanker 6 (B) 30mm FIne,Fibre Crops,20.0,4000,4025,4015,2014-11-04
561,562,Gujarat,Vadodara(Baroda),Bodeli(Modasar),Shanker 6 (B) 30mm FIne,Fibre Crops,22.0,4000,4050,4025,2014-11-06
563,564,Gujarat,Vadodara(Baroda),Bodeli,Shanker 6 (B) 30mm FIne,Fibre Crops,23.0,4040,4090,4050,2014-11-08
567,568,Gujarat,Vadodara(Baroda),Bodeli,Shanker 6 (B) 30mm FIne,Fibre Crops,113.0,4005,4100,4050,2014-11-10
576,577,Gujarat,Vadodara(Baroda),Karjan,Shanker 6 (B) 30mm FIne,Fibre Crops,807.53,3900,4000,3975,2014-11-11
577,578,Gujarat,Vadodara(Baroda),Bodeli,Shanker 6 (B) 30mm FIne,Fibre Crops,122.0,4015,4090,4050,2014-11-12
583,584,Gujarat,Vadodara(Baroda),Bodeli,Shanker 6 (B) 30mm FIne,Fibre Crops,49.0,4000,4041,4020,2014-11-14
593,594,Gujarat,Vadodara(Baroda),Vagodiya,HB6,Fibre Crops,1.0,3500,3900,3700,2014-11-16
599,600,Gujarat,Vadodara(Baroda),Nasvadi,Other,Fibre Crops,121.0,3850,4060,4000,2014-11-18
601,602,Gujarat,Vadodara(Baroda),Bodeli,Shanker 6 (B) 30mm FIne,Fibre Crops,351.0,4000,4060,4025,2014-11-20
612,613,Gujarat,Vadodara(Baroda),Nasvadi,Other,Fibre Crops,50.0,3780,4075,3985,2014-11-22
613,614,Gujarat,Vadodara(Baroda),Bodeli,Shanker 6 (B) 30mm FIne,Fibre Crops,44.0,4000,4060,4030,2014-11-24
627,628,Gujarat,Vadodara(Baroda),Nasvadi,Other,Fibre Crops,20.0,3950,4050,4000,2014-11-26
631,632,Gujarat,Vadodara(Baroda),Bodeli,Shanker 6 (B) 30mm FIne,Fibre Crops,45.0,4000,4015,4010,2014-11-28
646,647,Gujarat,Vadodara(Baroda),Vagodiya,Shanker 6 (B) 30mm FIne,Fibre Crops,0.9,3650,3900,3800,2014-12-02
647,648,Gujarat,Vadodara(Baroda),Bodeli,Shanker 6 (B) 30mm FIne,Fibre Crops,60.0,4000,4001,4000,2014-12-04
659,660,Gujarat,Vadodara(Baroda),Karjan,Shanker 6 (B) 30mm FIne,Fibre Crops,586.44,3851,4001,3975,2014-12-06
662,663,Gujarat,Vadodara(Baroda),Bodeli,Shanker 6 (B) 30mm FIne,Fibre Crops,50.0,4000,4060,4030,2014-12-08
676,677,Gujarat,Vadodara(Baroda),Vagodiya,Shanker 6 (B) 30mm FIne,Fibre Crops,0.9,3700,3900,3800,2014-12-09
677,678,Gujarat,Vadodara(Baroda),Bodeli,Shanker 6 (B) 30mm FIne,Fibre Crops,35.0,4000,4030,4010,2014-12-10
688,689,Gujarat,Vadodara(Baroda),Karjan,Shanker 6 (B) 30mm FIne,Fibre Crops,356.4,3851,4025,3975,2014-12-12
690,691,Gujarat,Vadodara(Baroda),Bodeli,Shanker 6 (B) 30mm FIne,Fibre Crops,35.0,4000,4150,4050,2014-12-14
701,702,Gujarat,Vadodara(Baroda),Vagodiya,Shanker 6 (B) 30mm FIne,Fibre Crops,1.5,3750,3900,3800,2014-12-16
707,708,Gujarat,Vadodara(Baroda),Karjan,Shanker 6 (B) 30mm FIne,Fibre Crops,613.83,3851,4001,3975,2014-12-17
709,710,Gujarat,Vadodara(Baroda),Bodeli,Shanker 6 (B) 30mm FIne,Fibre Crops,35.0,4001,4101,4050,2014-12-18
721,722,Gujarat,Vadodara(Baroda),Karjan,Shanker 6 (B) 30mm FIne,Fibre Crops,493.37,3851,4001,3975,2014-12-20
723,724,Gujarat,Vadodara(Baroda),Bodeli,Shanker 6 (B) 30mm FIne,Fibre Crops,35.0,4000,4115,4060,2014-12-22
738,739,Gujarat,Vadodara(Baroda),Nasvadi,Other,Fibre Crops,50.0,3975,4045,4015,2014-12-24
739,740,Gujarat,Vadodara(Baroda),Bodeli,Shanker 6 (B) 30mm FIne,Fibre Crops,36.0,4000,4140,4050,2014-12-26
749,750,Gujarat,Vadodara(Baroda),Bodeli(Kalediya),Shanker 6 (B) 30mm FIne,Fibre Crops,35.0,4000,4060,4030,2014-12-28
751,752,Gujarat,Vadodara(Baroda),Bodeli,Shanker 6 (B) 30mm FIne,Fibre Crops,35.0,4000,4150,4060,2014-12-30
764,765,Gujarat,Vadodara(Baroda),Nasvadi,Other,Fibre Crops,35.0,3925,4025,3975,2015-01-02
765,766,Gujarat,Vadodara(Baroda),Bodeli,Shanker 6 (B) 30mm FIne,Fibre Crops,36.0,4000,4050,4025,2015-01-04
776,777,Gujarat,Vadodara(Baroda),Vagodiya,Shanker 6 (B) 30mm FIne,Fibre Crops,2.5,3750,3900,3800,2015-01-06
780,781,Gujarat,Vadodara(Baroda),Vagodiya,Shanker 6 (B) 30mm FIne,Fibre Crops,3.9,3750,3800,3760,2015-01-08
781,782,Gujarat,Vadodara(Baroda),Bodeli,Shanker 6 (B) 30mm FIne,Fibre Crops,35.0,4000,4050,4030,2015-01-10
793,794,Gujarat,Vadodara(Baroda),Karjan,Shanker 6 (B) 30mm FIne,Fibre Crops,474.5,3800,4025,4000,2015-01-12
796,797,Gujarat,Vadodara(Baroda),Bodeli,Shanker 6 (B) 30mm FIne,Fibre Crops,32.0,4000,4040,4020,2015-01-14
804,805,Gujarat,Vadodara(Baroda),Karjan,Shanker 6 (B) 30mm FIne,Fibre Crops,29.6,3800,4000,3975,2015-01-16
811,812,Gujarat,Vadodara(Baroda),Bodeli(Kalediya),Shanker 6 (B) 30mm FIne,Fibre Crops,34.0,3950,4000,3975,2015-01-18
814,815,Gujarat,Vadodara(Baroda),Bodeli,Shanker 6 (B) 30mm FIne,Fibre Crops,1.0,3925,4021,4000,2015-01-20
827,828,Gujarat,Vadodara(Baroda),Nasvadi,Other,Fibre Crops,45.0,3980,4025,4000,2015-01-22
833,834,Gujarat,Vadodara(Baroda),Karjan,Shanker 6 (B) 30mm FIne,Fibre Crops,881.4,3700,4000,3901,2015-01-24
835,836,Gujarat,Vadodara(Baroda),Bodeli,Shanker 6 (B) 30mm FIne,Fibre Crops,25.0,3900,4000,3950,2015-01-26
847,848,Gujarat,Vadodara(Baroda),Vagodiya,Shanker 6 (B) 30mm FIne,Fibre Crops,2.7,3650,3950,3800,2015-01-28
848,849,Gujarat,Vadodara(Baroda),Bodeli,Shanker 6 (B) 30mm FIne,Fibre Crops,995.0,3765,4021,3950,2015-01-30
862,863,Gujarat,Vadodara(Baroda),Savli,Other,Fibre Crops,5.0,3800,3900,3875,2015-02-02
863,864,Gujarat,Vadodara(Baroda),Bodeli,Shanker 6 (B) 30mm FIne,Fibre Crops,262.0,3850,4001,3925,2015-02-04
876,877,Gujarat,Vadodara(Baroda),Karjan,Shanker 6 (B) 30mm FIne,Fibre Crops,46.1,3700,4000,3901,2015-02-06
879,880,Gujarat,Vadodara(Baroda),Bodeli,Shanker 6 (B) 30mm FIne,Fibre Crops,35.0,3850,4001,3950,2015-02-08
890,891,Gujarat,Vadodara(Baroda),Savli(Samlaya),Desi,Fibre Crops,10.0,3750,3850,3800,2015-02-10
891,892,Gujarat,Vadodara(Baroda),Bodeli,Shanker 6 (B) 30mm FIne,Fibre Crops,101.5,3785,4022,3925,2015-02-12
904,905,Gujarat,Vadodara(Baroda),Jetpur-Pavi,Shanker 6 (B) 30mm FIne,Fibre Crops,40.0,3821,4000,3945,2015-02-14
907,908,Gujarat,Vadodara(Baroda),Bodeli,Shanker 6 (B) 30mm FIne,Fibre Crops,35.6,3850,4025,3925,2015-02-16
922,923,Gujarat,Vadodara(Baroda),Vagodiya,Shanker 6 (B) 30mm FIne,Fibre Crops,0.6,3650,3850,3750,2015-02-18
930,931,Gujarat,Vadodara(Baroda),Vagodiya,Shanker 6 (B) 30mm FIne,Fibre Crops,0.3,3650,3850,3750,2015-02-20
931,932,Gujarat,Vadodara(Baroda),Bodeli,Shanker 6 (B) 30mm FIne,Fibre Crops,3.5,3865,4072,3925,2015-02-22
940,941,Gujarat,Vadodara(Baroda),Karjan,Shanker 6 (B) 30mm FIne,Fibre Crops,435.46,3700,4000,3901,2015-02-24
942,943,Gujarat,Vadodara(Baroda),Bodeli,Shanker 6 (B) 30mm FIne,Fibre Crops,425.0,3800,4040,3910,2015-02-26
955,956,Gujarat,Vadodara(Baroda),Nasvadi,Other,Fibre Crops,25.0,3850,3950,3900,2015-02-28
956,957,Gujarat,Vadodara(Baroda),Bodeli,Shanker 6 (B) 30mm FIne,Fibre Crops,6.0,3900,4000,3910,2015-03-02
969,970,Gujarat,Vadodara(Baroda),Vagodiya,Other,Fibre Crops,0.8,3500,3850,3750,2015-03-04
970,971,Gujarat,Vadodara(Baroda),Bodeli(Hadod),Shanker 6 (B) 30mm FIne,Fibre Crops,1.0,3865,4000,3900,2015-03-06
974,975,Gujarat,Vadodara(Baroda),Bodeli,Shanker 6 (B) 30mm FIne,Fibre Crops,1.0,3800,4000,3900,2015-03-08
983,984,Gujarat,Vadodara(Baroda),Nasvadi,Other,Fibre Crops,52.0,3600,3950,3820,2015-03-10
984,985,Gujarat,Vadodara(Baroda),Bodeli,Shanker 6 (B) 30mm FIne,Fibre Crops,96.0,3800,4060,3900,2015-03-12
994,995,Gujarat,Vadodara(Baroda),Jetpur-Pavi,Shanker 6 (B) 30mm FIne,Fibre Crops,10.0,3825,4000,3921,2015-03-14
1000,1001,Gujarat,Vadodara(Baroda),Jetpur-Pavi,Shanker 6 (B) 30mm FIne,Fibre Crops,9.0,3811,4000,3921,2015-03-16
1002,1003,Gujarat,Vadodara(Baroda),Bodeli,Shanker 6 (B) 30mm FIne,Fibre Crops,325.0,3850,4242,4000,2015-03-18
1008,1009,Gujarat,Vadodara(Baroda),Bodeli,Shanker 6 (B) 30mm FIne,Fibre Crops,265.0,4000,4161,4050,2015-03-20
1016,1017,Gujarat,Vadodara(Baroda),Bodeli(Kalediya),Shanker 6 (B) 30mm FIne,Fibre Crops,5.0,3850,4100,4000,2015-03-22
1018,1019,Gujarat,Vadodara(Baroda),Bodeli,Shanker 6 (B) 30mm FIne,Fibre Crops,304.2,3900,4161,4011,2015-03-24
1025,1026,Gujarat,Vadodara(Baroda),Karjan,Shanker 6 (B) 30mm FIne,Fibre Crops,113.93,3300,4000,3500,2015-03-26
1026,1027,Gujarat,Vadodara(Baroda),Bodeli,Shanker 6 (B) 30mm FIne,Fibre Crops,178.0,4000,4234,4150,2015-03-28
1035,1036,Gujarat,Vadodara(Baroda),Karjan,Shanker 6 (B) 30mm FIne,Fibre Crops,102.74,3400,4000,3500,2015-04-02
1036,1037,Gujarat,Vadodara(Baroda),Bodeli,Shanker 6 (B) 30mm FIne,Fibre Crops,84.0,3900,4501,4301,2015-04-04
1041,1042,Gujarat,Vadodara(Baroda),Bodeli,Shanker 6 (B) 30mm FIne,Fibre Crops,45.0,3900,4450,4250,2015-04-06
1050,1051,Gujarat,Vadodara(Baroda),Karjan,Shanker 6 (B) 30mm FIne,Fibre Crops,124.41,3500,3750,3650,2015-04-08
1051,1052,Gujarat,Vadodara(Baroda),Bodeli,Shanker 6 (B) 30mm FIne,Fibre Crops,116.0,3900,4461,4400,2015-04-10
1056,1057,Gujarat,Vadodara(Baroda),Bodeli,Shanker 6 (B) 30mm FIne,Fibre Crops,20.0,3850,4601,4400,2015-04-12
1064,1065,Gujarat,Vadodara(Baroda),Karjan,Shanker 6 (B) 30mm FIne,Fibre Crops,127.26,3500,3900,3600,2015-04-14
1065,1066,Gujarat,Vadodara(Baroda),Bodeli,Shanker 6 (B) 30mm FIne,Fibre Crops,32.0,4000,4550,4400,2015-04-16
1070,1071,Gujarat,Vadodara(Baroda),Bodeli,Shanker 6 (B) 30mm FIne,Fibre Crops,65.0,3600,4434,4350,2015-04-18
1079,1080,Gujarat,Vadodara(Baroda),Karjan,Shanker 6 (B) 30mm FIne,Fibre Crops,159.06,3600,3900,3700,2015-04-20
1089,1090,Gujarat,Vadodara(Baroda),Karjan,Shanker 6 (B) 30mm FIne,Fibre Crops,403.69,3500,3900,3750,2015-04-22
1093,1094,Gujarat,Vadodara(Baroda),Bodeli(Modasar),Shanker 6 (B) 30mm FIne,Fibre Crops,32.0,3750,4000,3850,2015-04-26
1094,1095,Gujarat,Vadodara(Baroda),Bodeli,Shanker 6 (B) 30mm FIne,Fibre Crops,35.0,3651,4401,4000,2015-04-28
1099,1100,Gujarat,Vadodara(Baroda),Bodeli,Shanker 6 (B) 30mm FIne,Fibre Crops,18.0,3700,4466,4050,2015-04-30
1107,1108,Gujarat,Vadodara(Baroda),Bodeli(Modasar),Shanker 6 (B) 30mm FIne,Fibre Crops,13.0,3850,4050,3950,2015-05-02
1108,1109,Gujarat,Vadodara(Baroda),Bodeli,Shanker 6 (B) 30mm FIne,Fibre Crops,36.5,3850,4500,4201,2015-05-06
1112,1113,Gujarat,Vadodara(Baroda),Bodeli,Shanker 6 (B) 30mm FIne,Fibre Crops,19.0,3750,3950,3850,2015-05-08
1119,1120,Gujarat,Vadodara(Baroda),Bodeli(Kalediya),Shanker 6 (B) 30mm FIne,Fibre Crops,2.3,3750,4050,3950,2015-05-10
1125,1126,Gujarat,Vadodara(Baroda),Karjan,Shanker 6 (B) 30mm FIne,Fibre Crops,32.48,3800,4000,3900,2015-05-12
1126,1127,Gujarat,Vadodara(Baroda),Bodeli,Shanker 6 (B) 30mm FIne,Fibre Crops,15.0,3650,3850,3750,2015-05-16
1131,1132,Gujarat,Vadodara(Baroda),Bodeli,Shanker 6 (B) 30mm FIne,Fibre Crops,20.0,3650,3850,3750,2015-05-18
1140,1141,Gujarat,Vadodara(Baroda),Karjan,Shanker 6 (B) 30mm FIne,Fibre Crops,24.38,3800,4000,3900,2015-05-20
1141,1142,Gujarat,Vadodara(Baroda),Bodeli,Shanker 6 (B) 30mm FIne,Fibre Crops,15.0,3375,3850,3650,2015-05-22
1146,1147,Gujarat,Vadodara(Baroda),Bodeli,Shanker 6 (B) 30mm FIne,Fibre Crops,5.0,3700,3800,3750,2015-05-24
1150,1151,Gujarat,Vadodara(Baroda),Bodeli(Hadod),Shanker 6 (B) 30mm FIne,Fibre Crops,2.5,3650,3850,3750,2015-05-28
1154,1155,Gujarat,Vadodara(Baroda),Bodeli,Shanker 6 (B) 30mm FIne,Fibre Crops,2.3,4150,4225,4200,2015-09-28
1155,1156,Gujarat,Vadodara(Baroda),Bodeli,Shanker 6 (B) 30mm FIne,Fibre Crops,3.5,4000,4100,4075,2015-09-30
1158,1159,Gujarat,Vadodara(Baroda),Bodeli,Shanker 6 (B) 30mm FIne,Fibre Crops,4.0,4000,4200,4100,2015-10-02
1161,1162,Gujarat,Vadodara(Baroda),Bodeli,Shanker 6 (B) 30mm FIne,Fibre Crops,15.0,4000,4100,4050,2015-10-04
1164,1165,Gujarat,Vadodara(Baroda),Bodeli,Shanker 6 (B) 30mm FIne,Fibre Crops,6.5,4000,4200,4100,2015-10-06
1167,1168,Gujarat,Vadodara(Baroda),Bodeli,Shanker 6 (B) 30mm FIne,Fibre Crops,6.0,4000,4200,4150,2015-10-08
1172,1173,Gujarat,Vadodara(Baroda),Bodeli(Modasar),Shanker 6 (B) 30mm FIne,Fibre Crops,4.0,4000,4200,4100,2015-10-10
1173,1174,Gujarat,Vadodara(Baroda),Bodeli(Kalediya),Shanker 6 (B) 30mm FIne,Fibre Crops,7.0,4000,4200,4100,2015-10-12
1175,1176,Gujarat,Vadodara(Baroda),Bodeli,Shanker 6 (B) 30mm FIne,Fibre Crops,30.0,4300,4311,4311,2015-10-16
1179,1180,Gujarat,Vadodara(Baroda),Bodeli,Shanker 6 (B) 30mm FIne,Fibre Crops,4.0,4200,4400,4300,2015-10-18
1187,1188,Gujarat,Vadodara(Baroda),Karjan,Shanker 6 (B) 30mm FIne,Fibre Crops,388.1,4101,4185,4151,2015-10-20
1189,1190,Gujarat,Vadodara(Baroda),Bodeli,Shanker 6 (B) 30mm FIne,Fibre Crops,48.0,4225,4390,4300,2015-10-22
1195,1196,Gujarat,Vadodara(Baroda),Bodeli,Shanker 6 (B) 30mm FIne,Fibre Crops,26.0,4250,4350,4300,2015-10-24
1206,1207,Gujarat,Vadodara(Baroda),Nasvadi,Other,Fibre Crops,3.0,3950,4400,4260,2015-10-26
1207,1208,Gujarat,Vadodara(Baroda),Bodeli,Shanker 6 (B) 30mm FIne,Fibre Crops,20.0,4250,4370,4325,2015-10-28
1218,1219,Gujarat,Vadodara(Baroda),Karjan,Shanker 6 (B) 30mm FIne,Fibre Crops,368.83,3901,4101,4075,2015-10-30
1220,1221,Gujarat,Vadodara(Baroda),Bodeli,Shanker 6 (B) 30mm FIne,Fibre Crops,150.0,4060,4301,4150,2015-11-02
1229,1230,Gujarat,Vadodara(Baroda),Karjan,Shanker 6 (B) 30mm FIne,Fibre Crops,349.43,3901,4100,4050,2015-11-04
1231,1232,Gujarat,Vadodara(Baroda),Bodeli,Shanker 6 (B) 30mm FIne,Fibre Crops,255.0,4070,4270,4175,2015-11-06
1241,1242,Gujarat,Vadodara(Baroda),Bodeli(Modasar),Shanker 6 (B) 30mm FIne,Fibre Crops,45.0,4070,4270,4150,2015-11-08
1249,1250,Gujarat,Vadodara(Baroda),Vagodiya,Shanker 6 (B) 30mm FIne,Fibre Crops,4.5,3850,3940,3890,2015-11-10
1250,1251,Gujarat,Vadodara(Baroda),Bodeli,Shanker 6 (B) 30mm FIne,Fibre Crops,120.0,4000,4100,4050,2015-11-14
1260,1261,Gujarat,Vadodara(Baroda),Vagodiya,Shanker 6 (B) 30mm FIne,Fibre Crops,2.6,3860,3960,3910,2015-11-16
1261,1262,Gujarat,Vadodara(Baroda),Bodeli,Shanker 6 (B) 30mm FIne,Fibre Crops,194.4,4000,4150,4100,2015-11-18
1273,1274,Gujarat,Vadodara(Baroda),Karjan,Shanker 6 (B) 30mm FIne,Fibre Crops,236.08,3900,4100,4025,2015-11-20
1276,1277,Gujarat,Vadodara(Baroda),Bodeli,Shanker 6 (B) 30mm FIne,Fibre Crops,450.3,4051,4300,4200,2015-11-22
1285,1286,Gujarat,Vadodara(Baroda),Karjan,Shanker 6 (B) 30mm FIne,Fibre Crops,318.8,3801,4101,4025,2015-11-24
1293,1294,Gujarat,Vadodara(Baroda),Vagodiya,Shanker 6 (B) 30mm FIne,Fibre Crops,5.0,3850,3915,3890,2015-11-26
1294,1295,Gujarat,Vadodara(Baroda),Bodeli(Hadod),Shanker 6 (B) 30mm FIne,Fibre Crops,83.9,4200,4375,4300,2015-11-28
1304,1305,Gujarat,Vadodara(Baroda),Karjan,Shanker 6 (B) 30mm FIne,Fibre Crops,313.73,3951,4151,4100,2015-12-02
1307,1308,Gujarat,Vadodara(Baroda),Bodeli,Shanker 6 (B) 30mm FIne,Fibre Crops,334.5,4200,4375,4325,2015-12-04
1312,1313,Gujarat,Vadodara(Baroda),Bodeli(Hadod),Shanker 6 (B) 30mm FIne,Fibre Crops,58.5,4150,4350,4275,2015-12-06
1319,1320,Gujarat,Vadodara(Baroda),Karjan,Shanker 6 (B) 30mm FIne,Fibre Crops,444.27,4001,4125,4101,2015-12-08
1322,1323,Gujarat,Vadodara(Baroda),Bodeli,Shanker 6 (B) 30mm FIne,Fibre Crops,576.2,4100,4421,4300,2015-12-10
1336,1337,Gujarat,Vadodara(Baroda),Karjan,Shanker 6 (B) 30mm FIne,Fibre Crops,334.98,4051,4201,4125,2015-12-12
1338,1339,Gujarat,Vadodara(Baroda),Bodeli,Shanker 6 (B) 30mm FIne,Fibre Crops,345.0,4200,4520,4375,2015-12-14
1352,1353,Gujarat,Vadodara(Baroda),Nasvadi,Other,Fibre Crops,5.0,4060,4350,4165,2015-12-16
1359,1360,Gujarat,Vadodara(Baroda),Nasvadi,Other,Fibre Crops,2.0,4100,4355,4215,2015-12-18
1360,1361,Gujarat,Vadodara(Baroda),Bodeli,Shanker 6 (B) 30mm FIne,Fibre Crops,454.6,4400,4700,4575,2015-12-20
1368,1369,Gujarat,Vadodara(Baroda),Jetpur-Pavi,Shanker 6 (B) 30mm FIne,Fibre Crops,22.5,4400,4700,4600,2015-12-22
1371,1372,Gujarat,Vadodara(Baroda),Bodeli,Shanker 6 (B) 30mm FIne,Fibre Crops,478.0,4250,4775,4650,2015-12-24
1382,1383,Gujarat,Vadodara(Baroda),Nasvadi,Other,Fibre Crops,5.0,4075,4435,4280,2015-12-26
1389,1390,Gujarat,Vadodara(Baroda),Nasvadi,Other,Fibre Crops,6.0,4160,4500,4385,2015-12-28
1390,1391,Gujarat,Vadodara(Baroda),Bodeli,Shanker 6 (B) 30mm FIne,Fibre Crops,922.9,4671,4800,4701,2015-12-30
1400,1401,Gujarat,Vadodara(Baroda),Karjan,Shanker 6 (B) 30mm FIne,Fibre Crops,249.83,4251,4600,4375,2016-01-01
1403,1404,Gujarat,Vadodara(Baroda),Bodeli,Shanker 6 (B) 30mm FIne,Fibre Crops,75.0,4600,4800,4750,2016-01-03
1407,1408,Gujarat,Vadodara(Baroda),Bodeli,Shanker 6 (B) 30mm FIne,Fibre Crops,697.7,4550,4781,4675,2016-01-05
1414,1415,Gujarat,Vadodara(Baroda),Karjan,Shanker 6 (B) 30mm FIne,Fibre Crops,250.39,4251,4600,4401,2016-01-07
1416,1417,Gujarat,Vadodara(Baroda),Bodeli,Shanker 6 (B) 30mm FIne,Fibre Crops,782.0,4200,4740,4650,2016-01-09
1423,1424,Gujarat,Vadodara(Baroda),Bodeli,Shanker 6 (B) 30mm FIne,Fibre Crops,80.3,4400,4722,4550,2016-01-11
1434,1435,Gujarat,Vadodara(Baroda),Jetpur-Pavi,Shanker 6 (B) 30mm FIne,Fibre Crops,11.5,4200,4550,4475,2016-01-13
1435,1436,Gujarat,Vadodara(Baroda),Bodeli,Shanker 6 (B) 30mm FIne,Fibre Crops,55.0,4400,4600,4500,2016-01-15
1440,1441,Gujarat,Vadodara(Baroda),Bodeli,Shanker 6 (B) 30mm FIne,Fibre Crops,16.0,4270,4620,4470,2016-01-17
1447,1448,Gujarat,Vadodara(Baroda),Jetpur-Pavi,Shanker 6 (B) 30mm FIne,Fibre Crops,8.0,4250,4650,4545,2016-01-19
1450,1451,Gujarat,Vadodara(Baroda),Bodeli,Shanker 6 (B) 30mm FIne,Fibre Crops,448.2,4400,4800,4600,2016-01-21
1456,1457,Gujarat,Vadodara(Baroda),Bodeli(Hadod),Shanker 6 (B) 30mm FIne,Fibre Crops,36.0,4400,4650,4550,2016-01-23
1465,1466,Gujarat,Vadodara(Baroda),Jetpur-Pavi,Shanker 6 (B) 30mm FIne,Fibre Crops,12.0,3900,4700,4600,2016-01-25
1468,1469,Gujarat,Vadodara(Baroda),Bodeli,Shanker 6 (B) 30mm FIne,Fibre Crops,157.0,4400,4750,4600,2016-01-27
1480,1481,Gujarat,Vadodara(Baroda),Jetpur-Pavi,Shanker 6 (B) 30mm FIne,Fibre Crops,12.2,4250,4650,4550,2016-01-29
1482,1483,Gujarat,Vadodara(Baroda),Bodeli,Shanker 6 (B) 30mm FIne,Fibre Crops,50.0,4300,4700,4600,2016-01-31
1484,1485,Gujarat,Vadodara(Baroda),Bodeli,Shanker 6 (B) 30mm FIne,Fibre Crops,435.0,4300,4750,4600,2016-02-01
1488,1489,Gujarat,Vadodara(Baroda),Bodeli,Shanker 6 (B) 30mm FIne,Fibre Crops,480.0,4425,4725,4600,2016-02-03
1498,1499,Gujarat,Vadodara(Baroda),Karjan,Shanker 6 (B) 30mm FIne,Fibre Crops,149.88,3901,4300,4251,2016-02-05
1499,1500,Gujarat,Vadodara(Baroda),Bodeli,Shanker 6 (B) 30mm FIne,Fibre Crops,55.0,4200,4700,4500,2016-02-07
1503,1504,Gujarat,Vadodara(Baroda),Bodeli,Shanker 6 (B) 30mm FIne,Fibre Crops,325.0,3800,4650,4450,2016-02-09
1513,1514,Gujarat,Vadodara(Baroda),Karjan,Shanker 6 (B) 30mm FIne,Fibre Crops,149.62,3800,4100,4050,2016-02-11
1514,1515,Gujarat,Vadodara(Baroda),Bodeli,Shanker 6 (B) 30mm FIne,Fibre Crops,255.2,3700,4651,4400,2016-02-13
1520,1521,Gujarat,Vadodara(Baroda),Jetpur-Pavi,Shanker 6 (B) 30mm FIne,Fibre Crops,5.5,4350,4600,4450,2016-02-15
1528,1529,Gujarat,Vadodara(Baroda),Karjan,Shanker 6 (B) 30mm FIne,Fibre Crops,242.98,3800,4000,3900,2016-02-17
1529,1530,Gujarat,Vadodara(Baroda),Bodeli,Shanker 6 (B) 30mm FIne,Fibre Crops,209.2,4200,4848,4600,2016-02-19
1534,1535,Gujarat,Vadodara(Baroda),Bodeli,Shanker 6 (B) 30mm FIne,Fibre Crops,25.0,4200,4700,4600,2016-02-21
1540,1541,Gujarat,Vadodara(Baroda),Bodeli(Kalediya),Shanker 6 (B) 30mm FIne,Fibre Crops,155.9,4200,4600,4400,2016-02-23
1544,1545,Gujarat,Vadodara(Baroda),Bodeli,Shanker 6 (B) 30mm FIne,Fibre Crops,283.9,4100,4697,4560,2016-02-25
1552,1553,Gujarat,Vadodara(Baroda),Bodeli(Modasar),Shanker 6 (B) 30mm FIne,Fibre Crops,5.0,4200,4600,4500,2016-02-27
1558,1559,Gujarat,Vadodara(Baroda),Jetpur-Pavi,Shanker 6 (B) 30mm FIne,Fibre Crops,3.0,4350,4600,4400,2016-02-29
1560,1561,Gujarat,Vadodara(Baroda),Bodeli,Shanker 6 (B) 30mm FIne,Fibre Crops,327.1,4200,4850,4600,2016-03-01
1567,1568,Gujarat,Vadodara(Baroda),Bodeli(Hadod),Shanker 6 (B) 30mm FIne,Fibre Crops,171.2,4200,4650,4450,2016-03-03
1571,1572,Gujarat,Vadodara(Baroda),Jetpur-Pavi,Shanker 6 (B) 30mm FIne,Fibre Crops,2.5,3850,4400,4300,2016-03-05
1574,1575,Gujarat,Vadodara(Baroda),Bodeli(Hadod),Shanker 6 (B) 30mm FIne,Fibre Crops,161.1,4100,4650,4450,2016-03-07
1578,1579,Gujarat,Vadodara(Baroda),Bodeli,Shanker 6 (B) 30mm FIne,Fibre Crops,298.1,3800,4815,4625,2016-03-09
1584,1585,Gujarat,Vadodara(Baroda),Bodeli,Shanker 6 (B) 30mm FIne,Fibre Crops,337.5,4100,4800,4600,2016-03-11
1590,1591,Gujarat,Vadodara(Baroda),Bodeli(Kalediya),Shanker 6 (B) 30mm FIne,Fibre Crops,27.5,4100,4625,4500,2016-03-13
1592,1593,Gujarat,Vadodara(Baroda),Bodeli,Shanker 6 (B) 30mm FIne,Fibre Crops,478.6,3600,4730,4575,2016-03-15
1599,1600,Gujarat,Vadodara(Baroda),Bodeli(Modasar),Shanker 6 (B) 30mm FIne,Fibre Crops,4.8,4100,4600,4500,2016-03-17
1600,1601,Gujarat,Vadodara(Baroda),Bodeli,Shanker 6 (B) 30mm FIne,Fibre Crops,279.0,3800,4650,4475,2016-03-19
1606,1607,Gujarat,Vadodara(Baroda),Bodeli(Hadod),Shanker 6 (B) 30mm FIne,Fibre Crops,85.0,3850,4575,4400,2016-03-21
1610,1611,Gujarat,Vadodara(Baroda),Bodeli,Shanker 6 (B) 30mm FIne,Fibre Crops,20.0,3800,4600,4400,2016-03-23
1618,1619,Gujarat,Vadodara(Baroda),Bodeli(Modasar),Shanker 6 (B) 30mm FIne,Fibre Crops,5.0,3900,4500,4300,2016-03-25
1623,1624,Gujarat,Vadodara(Baroda),Bodeli(Modasar),Shanker 6 (B) 30mm FIne,Fibre Crops,4.0,4000,4500,4300,2016-03-27
1624,1625,Gujarat,Vadodara(Baroda),Bodeli,Shanker 6 (B) 30mm FIne,Fibre Crops,18.0,4000,4400,4200,2016-03-29
1629,1630,Gujarat,Vadodara(Baroda),Bodeli,Shanker 6 (B) 30mm FIne,Fibre Crops,14.5,3400,4300,4100,2016-03-31
1638,1639,Gujarat,Vadodara(Baroda),Karjan,Shanker 6 (B) 30mm FIne,Fibre Crops,24.6,3200,3500,3300,2016-04-01
1639,1640,Gujarat,Vadodara(Baroda),Bodeli,Shanker 6 (B) 30mm FIne,Fibre Crops,24.6,3600,4600,4350,2016-04-03
1643,1644,Gujarat,Vadodara(Baroda),Bodeli,Shanker 6 (B) 30mm FIne,Fibre Crops,73.1,3500,5050,4450,2016-04-05
1652,1653,Gujarat,Vadodara(Baroda),Karjan,Shanker 6 (B) 30mm FIne,Fibre Crops,58.29,3500,3700,3600,2016-04-07
1657,1658,Gujarat,Vadodara(Baroda),Karjan,Shanker 6 (B) 30mm FIne,Fibre Crops,110.38,3500,3800,3700,2016-04-09
1658,1659,Gujarat,Vadodara(Baroda),Bodeli(Modasar),Shanker 6 (B) 30mm FIne,Fibre Crops,3.0,3500,4700,4250,2016-04-11
1660,1661,Gujarat,Vadodara(Baroda),Bodeli,Shanker 6 (B) 30mm FIne,Fibre Crops,65.0,3500,5150,4500,2016-04-15
1668,1669,Gujarat,Vadodara(Baroda),Bodeli(Modasar),Shanker 6 (B) 30mm FIne,Fibre Crops,3.0,3500,4500,4300,2016-04-17
1669,1670,Gujarat,Vadodara(Baroda),Bodeli,Shanker 6 (B) 30mm FIne,Fibre Crops,26.7,3800,5120,4600,2016-04-19
1674,1675,Gujarat,Vadodara(Baroda),Bodeli,Shanker 6 (B) 30mm FIne,Fibre Crops,13.7,3800,5253,4700,2016-04-21
1681,1682,Gujarat,Vadodara(Baroda),Bodeli(Modasar),Shanker 6 (B) 30mm FIne,Fibre Crops,2.0,3400,4300,4100,2016-04-23
1687,1688,Gujarat,Vadodara(Baroda),Karjan,Shanker 6 (B) 30mm FIne,Fibre Crops,15.69,3600,3900,3800,2016-04-25
1688,1689,Gujarat,Vadodara(Baroda),Bodeli,Shanker 6 (B) 30mm FIne,Fibre Crops,17.5,3400,5150,4400,2016-04-27
1693,1694,Gujarat,Vadodara(Baroda),Bodeli,Shanker 6 (B) 30mm FIne,Fibre Crops,4.5,3450,5201,4500,2016-04-29
1701,1702,Gujarat,Vadodara(Baroda),Bodeli(Modasar),Shanker 6 (B) 30mm FIne,Fibre Crops,1.5,3400,4350,4000,2016-05-01
1702,1703,Gujarat,Vadodara(Baroda),Bodeli,Shanker 6 (B) 30mm FIne,Fibre Crops,3.1,3400,5000,4000,2016-05-03
1707,1708,Gujarat,Vadodara(Baroda),Bodeli,Shanker 6 (B) 30mm FIne,Fibre Crops,6.5,3400,4850,4000,2016-05-05
1715,1716,Gujarat,Vadodara(Baroda),Karjan,Shanker 6 (B) 30mm FIne,Fibre Crops,23.03,3600,3700,3650,2016-05-07
1716,1717,Gujarat,Vadodara(Baroda),Bodeli,Shanker 6 (B) 30mm FIne,Fibre Crops,8.5,3400,4950,4150,2016-05-09
1721,1722,Gujarat,Vadodara(Baroda),Bodeli(Kalediya),Shanker 6 (B) 30mm FIne,Fibre Crops,17.0,3400,4200,4000,2016-05-11
1724,1725,Gujarat,Vadodara(Baroda),Bodeli(Hadod),Shanker 6 (B) 30mm FIne,Fibre Crops,5.0,3490,4600,4200,2016-05-13
1730,1731,Gujarat,Vadodara(Baroda),Bodeli(Modasar),Shanker 6 (B) 30mm FIne,Fibre Crops,3.0,3400,4300,3900,2016-05-15
1731,1732,Gujarat,Vadodara(Baroda),Bodeli(Hadod),Shanker 6 (B) 30mm FIne,Fibre Crops,2.0,3500,4500,4000,2016-05-17
1735,1736,Gujarat,Vadodara(Baroda),Bodeli(Hadod),Shanker 6 (B) 30mm FIne,Fibre Crops,2.5,4000,4500,4200,2016-05-19
1741,1742,Gujarat,Vadodara(Baroda),Bodeli(Modasar),Shanker 6 (B) 30mm FIne,Fibre Crops,4.0,3500,4350,3850,2016-05-21
1745,1746,Gujarat,Vadodara(Baroda),Bodeli(Modasar),Shanker 6 (B) 30mm FIne,Fibre Crops,3.5,4000,4300,4150,2016-05-23
1747,1748,Gujarat,Vadodara(Baroda),Bodeli(Hadod),Shanker 6 (B) 30mm FIne,Fibre Crops,4.0,3950,4350,4150,2016-05-25
1750,1751,Gujarat,Vadodara(Baroda),Bodeli(Kalediya),Shanker 6 (B) 30mm FIne,Fibre Crops,13.0,4000,4400,4200,2016-05-27
1753,1754,Gujarat,Vadodara(Baroda),Bodeli(Hadod),Shanker 6 (B) 30mm FIne,Fibre Crops,3.5,4000,4400,4200,2016-05-29
1756,1757,Gujarat,Vadodara(Baroda),Bodeli(Hadod),Shanker 6 (B) 30mm FIne,Fibre Crops,4.5,4000,4450,4250,2016-05-31
1760,1761,Gujarat,Vadodara(Baroda),Vagodiya,Shanker 6 (B) 30mm FIne,Fibre Crops,1.7,3500,3700,3600,2016-06-01
1761,1762,Gujarat,Vadodara(Baroda),Karjan,Shanker 6 (B) 30mm FIne,Fibre Crops,81.61,4800,5021,4950,2016-10-05
1762,1763,Gujarat,Vadodara(Baroda),Karjan,Shanker 6 (B) 30mm FIne,Fibre Crops,5.33,4900,5100,5021,2016-10-11
1763,1764,Gujarat,Vadodara(Baroda),Karjan,Shanker 6 (B) 30mm FIne,Fibre Crops,7.25,4900,5121,5051,2016-10-13
1764,1765,Gujarat,Vadodara(Baroda),Bodeli,Shanker 6 (B) 30mm FIne,Fibre Crops,36.0,4600,4625,4611,2016-10-15
1767,1768,Gujarat,Vadodara(Baroda),Bodeli,Shanker 6 (B) 30mm FIne,Fibre Crops,60.0,4600,4625,4611,2016-10-17
1770,1771,Gujarat,Vadodara(Baroda),Bodeli(Kalediya),Shanker 6 (B) 30mm FIne,Fibre Crops,85.0,4450,4525,4500,2016-10-19
1773,1774,Gujarat,Vadodara(Baroda),Bodeli(Kalediya),Shanker 6 (B) 30mm FIne,Fibre Crops,87.0,4250,4500,4400,2016-10-21
1776,1777,Gujarat,Vadodara(Baroda),Bodeli(Hadod),Shanker 6 (B) 30mm FIne,Fibre Crops,36.0,4400,4551,4500,2016-10-23
1778,1779,Gujarat,Vadodara(Baroda),Bodeli,Shanker 6 (B) 30mm FIne,Fibre Crops,84.5,4251,4501,4400,2016-10-25
1781,1782,Gujarat,Vadodara(Baroda),Bodeli,Shanker 6 (B) 30mm FIne,Fibre Crops,85.0,4351,4501,4425,2016-10-27
1788,1789,Gujarat,Vadodara(Baroda),Karjan,Shanker 6 (B) 30mm FIne,Fibre Crops,171.22,4351,4551,4451,2016-10-29
1791,1792,Gujarat,Vadodara(Baroda),Bodeli(Kalediya),Shanker 6 (B) 30mm FIne,Fibre Crops,55.0,4300,4450,4400,2016-11-01
1792,1793,Gujarat,Vadodara(Baroda),Bodeli,Shanker 6 (B) 30mm FIne,Fibre Crops,85.0,4300,4500,4400,2016-11-03
1799,1800,Gujarat,Vadodara(Baroda),Bodeli(Kalediya),Shanker 6 (B) 30mm FIne,Fibre Crops,74.0,4575,4700,4650,2016-11-05
1805,1806,Gujarat,Vadodara(Baroda),Vagodiya,Shanker 6 (B) 30mm FIne,Fibre Crops,0.9,4500,4555,4550,2016-11-07
1811,1812,Gujarat,Vadodara(Baroda),Vagodiya,Shanker 6 (B) 30mm FIne,Fibre Crops,1.2,4250,4500,4400,2016-11-09
1812,1813,Gujarat,Vadodara(Baroda),Bodeli,Shanker 6 (B) 30mm FIne,Fibre Crops,16.0,4750,4900,4850,2016-11-11
1817,1818,Gujarat,Vadodara(Baroda),Bodeli,Shanker 6 (B) 30mm FIne,Fibre Crops,10.0,4800,4950,4875,2016-11-13
1826,1827,Gujarat,Vadodara(Baroda),Vagodiya,Shanker 6 (B) 30mm FIne,Fibre Crops,1.2,4500,4680,4560,2016-11-15
1827,1828,Gujarat,Vadodara(Baroda),Bodeli,Shanker 6 (B) 30mm FIne,Fibre Crops,37.5,4700,4900,4800,2016-11-17
1837,1838,Gujarat,Vadodara(Baroda),Karjan,Shanker 6 (B) 30mm FIne,Fibre Crops,329.88,4951,5111,5051,2016-11-19
1839,1840,Gujarat,Vadodara(Baroda),Bodeli,Shanker 6 (B) 30mm FIne,Fibre Crops,7.0,4780,4900,4875,2016-11-21
1844,1845,Gujarat,Vadodara(Baroda),Bodeli,Shanker 6 (B) 30mm FIne,Fibre Crops,55.0,4750,5000,4850,2016-11-23
1852,1853,Gujarat,Vadodara(Baroda),Bodeli(Modasar),Shanker 6 (B) 30mm FIne,Fibre Crops,3.5,4750,5050,4850,2016-11-25
1853,1854,Gujarat,Vadodara(Baroda),Bodeli,Shanker 6 (B) 30mm FIne,Fibre Crops,5.0,4750,4850,4800,2016-11-27
1862,1863,Gujarat,Vadodara(Baroda),Nasvadi,Other,Fibre Crops,235.0,4125,4865,4450,2016-11-29
1869,1870,Gujarat,Vadodara(Baroda),Karjan,Shanker 6 (B) 30mm FIne,Fibre Crops,330.72,4801,5011,4951,2016-12-01
1871,1872,Gujarat,Vadodara(Baroda),Bodeli,Shanker 6 (B) 30mm FIne,Fibre Crops,65.0,4650,4900,4800,2016-12-03
1882,1883,Gujarat,Vadodara(Baroda),Karjan,Shanker 6 (B) 30mm FIne,Fibre Crops,449.97,4851,5001,4975,2016-12-05
1890,1891,Gujarat,Vadodara(Baroda),Nasvadi,Other,Fibre Crops,460.0,4400,5200,4975,2016-12-07
1891,1892,Gujarat,Vadodara(Baroda),Bodeli,Shanker 6 (B) 30mm FIne,Fibre Crops,211.7,4750,4975,4900,2016-12-09
1899,1900,Gujarat,Vadodara(Baroda),Bodeli(Kalediya),Shanker 6 (B) 30mm FIne,Fibre Crops,74.5,4775,4900,4850,2016-12-11
1909,1910,Gujarat,Vadodara(Baroda),Vagodiya,Shanker 6 (B) 30mm FIne,Fibre Crops,0.7,4750,4810,4800,2016-12-13
1916,1917,Gujarat,Vadodara(Baroda),Vagodiya,Shanker 6 (B) 30mm FIne,Fibre Crops,0.8,4550,4650,4600,2016-12-15
1922,1923,Gujarat,Vadodara(Baroda),Nasvadi,Other,Fibre Crops,11.2,4375,4950,4760,2016-12-17
1930,1931,Gujarat,Vadodara(Baroda),Karjan,Shanker 6 (B) 30mm FIne,Fibre Crops,481.94,4851,5001,4951,2016-12-19
1932,1933,Gujarat,Vadodara(Baroda),Bodeli,Shanker 6 (B) 30mm FIne,Fibre Crops,405.0,4900,5051,4950,2016-12-21
1946,1947,Gujarat,Vadodara(Baroda),Vagodiya,Shanker 6 (B) 30mm FIne,Fibre Crops,0.6,4600,4700,4650,2016-12-23
1947,1948,Gujarat,Vadodara(Baroda),Bodeli(Hadod),Shanker 6 (B) 30mm FIne,Fibre Crops,29.0,4850,4950,4900,2016-12-25
1950,1951,Gujarat,Vadodara(Baroda),Bodeli(Kalediya),Shanker 6 (B) 30mm FIne,Fibre Crops,150.0,4750,4950,4875,2016-12-27
1958,1959,Gujarat,Vadodara(Baroda),Nasvadi,Other,Fibre Crops,20.4,4725,5125,5050,2016-12-29
1960,1961,Gujarat,Vadodara(Baroda),Bodeli,Shanker 6 (B) 30mm FIne,Fibre Crops,102.2,4850,5025,4950,2016-12-31
1975,1976,Gujarat,Vadodara(Baroda),Savli,Cotton (Unginned),Fibre Crops,253.3,5001,5075,5025,2017-01-02
1981,1982,Gujarat,Vadodara(Baroda),Karjan,Shanker 6 (B) 30mm FIne,Fibre Crops,305.9,4951,5125,5100,2017-01-04
1990,1991,Gujarat,Vadodara(Baroda),Nasvadi,Other,Fibre Crops,52.9,4975,5351,5200,2017-01-06
1996,1997,Gujarat,Vadodara(Baroda),Bodeli(Modasar),Shanker 6 (B) 30mm FIne,Fibre Crops,25.0,5100,5300,5200,2017-01-08
2004,2005,Gujarat,Vadodara(Baroda),Savli,G-6,Fibre Crops,164.0,5150,5300,5200,2017-01-10
2013,2014,Gujarat,Vadodara(Baroda),Bodeli(Hadod),Shanker 6 (B) 30mm FIne,Fibre Crops,145.0,5150,5350,5300,2017-01-12
2019,2020,Gujarat,Vadodara(Baroda),Bodeli(Kalediya),Shanker 6 (B) 30mm FIne,Fibre Crops,15.0,5250,5400,5350,2017-01-14
2025,2026,Gujarat,Vadodara(Baroda),Karjan,Shanker 6 (B) 30mm FIne,Fibre Crops,333.59,5001,5300,5175,2017-01-16
2027,2028,Gujarat,Vadodara(Baroda),Bodeli,Shanker 6 (B) 30mm FIne,Fibre Crops,326.4,5353,5556,5500,2017-01-18
2038,2039,Gujarat,Vadodara(Baroda),Bodeli(Modasar),Shanker 6 (B) 30mm FIne,Fibre Crops,85.0,5450,5650,5550,2017-01-20
2042,2043,Gujarat,Vadodara(Baroda),Bodeli,Shanker 6 (B) 30mm FIne,Fibre Crops,381.7,5400,5650,5500,2017-01-22
2050,2051,Gujarat,Vadodara(Baroda),Jetpur-Pavi,Shanker 6 (B) 30mm FIne,Fibre Crops,15.0,5615,5760,5725,2017-01-24
2055,2056,Gujarat,Vadodara(Baroda),Bodeli(Kalediya),Shanker 6 (B) 30mm FIne,Fibre Crops,33.0,5650,5800,5750,2017-01-26
2057,2058,Gujarat,Vadodara(Baroda),Bodeli,Shanker 6 (B) 30mm FIne,Fibre Crops,653.4,5591,5741,5675,2017-01-28
2069,2070,Gujarat,Vadodara(Baroda),Karjan,Shanker 6 (B) 30mm FIne,Fibre Crops,280.7,5001,5401,5351,2017-01-30
2077,2078,Gujarat,Vadodara(Baroda),Savli,G-6,Fibre Crops,27.77,5350,5450,5400,2017-02-02
2078,2079,Gujarat,Vadodara(Baroda),Bodeli,Shanker 6 (B) 30mm FIne,Fibre Crops,496.1,5400,5606,5500,2017-02-04
2089,2090,Gujarat,Vadodara(Baroda),Nasvadi,Other,Fibre Crops,113.7,5165,5585,5360,2017-02-06
2090,2091,Gujarat,Vadodara(Baroda),Bodeli,Shanker 6 (B) 30mm FIne,Fibre Crops,340.9,5305,5600,5500,2017-02-08
2104,2105,Gujarat,Vadodara(Baroda),Nasvadi(Thalkala),Other,Fibre Crops,113.0,5125,5565,5320,2017-02-10
2105,2106,Gujarat,Vadodara(Baroda),Bodeli,Shanker 6 (B) 30mm FIne,Fibre Crops,230.0,5400,5640,5550,2017-02-12
2114,2115,Gujarat,Vadodara(Baroda),Nasvadi,Other,Fibre Crops,40.5,5260,5580,5435,2017-02-14
2119,2120,Gujarat,Vadodara(Baroda),Nasvadi,Other,Fibre Crops,46.6,5190,5500,5360,2017-02-16
2121,2122,Gujarat,Vadodara(Baroda),Bodeli,Shanker 6 (B) 30mm FIne,Fibre Crops,377.3,5400,5500,5450,2017-02-18
2134,2135,Gujarat,Vadodara(Baroda),Nasvadi(Thalkala),Other,Fibre Crops,64.0,5075,5325,5250,2017-02-20
2135,2136,Gujarat,Vadodara(Baroda),Bodeli,Shanker 6 (B) 30mm FIne,Fibre Crops,468.2,5200,5512,5400,2017-02-22
2142,2143,Gujarat,Vadodara(Baroda),Bodeli,Shanker 6 (B) 30mm FIne,Fibre Crops,393.5,5353,5561,5500,2017-02-24
2149,2150,Gujarat,Vadodara(Baroda),Bodeli(Modasar),Shanker 6 (B) 30mm FIne,Fibre Crops,17.0,5560,5750,5600,2017-02-26
2150,2151,Gujarat,Vadodara(Baroda),Bodeli,Shanker 6 (B) 30mm FIne,Fibre Crops,354.0,5550,5741,5650,2017-02-28
2157,2158,Gujarat,Vadodara(Baroda),Bodeli,Shanker 6 (B) 30mm FIne,Fibre Crops,558.5,5555,5740,5600,2017-03-02
2166,2167,Gujarat,Vadodara(Baroda),Jetpur-Pavi,Shanker 6 (B) 30mm FIne,Fibre Crops,6.0,5505,5760,5655,2017-03-04
2167,2168,Gujarat,Vadodara(Baroda),Bodeli,Shanker 6 (B) 30mm FIne,Fibre Crops,587.5,5400,5671,5550,2017-03-06
2178,2179,Gujarat,Vadodara(Baroda),Jetpur-Pavi,Shanker 6 (B) 30mm FIne,Fibre Crops,5.0,5435,5695,5560,2017-03-08
2180,2181,Gujarat,Vadodara(Baroda),Bodeli,Shanker 6 (B) 30mm FIne,Fibre Crops,606.4,5400,5731,5550,2017-03-10
2185,2186,Gujarat,Vadodara(Baroda),Bodeli,Shanker 6 (B) 30mm FIne,Fibre Crops,554.0,5400,5680,5550,2017-03-12
2192,2193,Gujarat,Vadodara(Baroda),Bodeli(Modasar),Shanker 6 (B) 30mm FIne,Fibre Crops,72.0,5400,5650,5550,2017-03-14
2194,2195,Gujarat,Vadodara(Baroda),Bodeli,Shanker 6 (B) 30mm FIne,Fibre Crops,26.6,5400,5650,5550,2017-03-16
2203,2204,Gujarat,Vadodara(Baroda),Bodeli(Modasar),Shanker 6 (B) 30mm FIne,Fibre Crops,3.5,5425,5600,5550,2017-03-18
2204,2205,Gujarat,Vadodara(Baroda),Bodeli,Shanker 6 (B) 30mm FIne,Fibre Crops,125.0,5450,5700,5600,2017-03-20
2211,2212,Gujarat,Vadodara(Baroda),Bodeli(Modasar),Shanker 6 (B) 30mm FIne,Fibre Crops,67.5,5400,5650,5550,2017-03-22
2212,2213,Gujarat,Vadodara(Baroda),Bodeli,Shanker 6 (B) 30mm FIne,Fibre Crops,192.8,5000,5800,5600,2017-03-24
2217,2218,Gujarat,Vadodara(Baroda),Bodeli,Shanker 6 (B) 30mm FIne,Fibre Crops,35.0,5500,5800,5650,2017-03-26
2224,2225,Gujarat,Vadodara(Baroda),Bodeli(Modasar),Shanker 6 (B) 30mm FIne,Fibre Crops,42.1,5650,5900,5850,2017-03-28
2228,2229,Gujarat,Vadodara(Baroda),Bodeli(Modasar),Shanker 6 (B) 30mm FIne,Fibre Crops,12.0,5400,5800,5650,2017-04-01
2229,2230,Gujarat,Vadodara(Baroda),Bodeli,Shanker 6 (B) 30mm FIne,Fibre Crops,115.0,5400,5900,5750,2017-04-02
2236,2237,Gujarat,Vadodara(Baroda),Bodeli(Modasar),Shanker 6 (B) 30mm FIne,Fibre Crops,15.4,5350,5850,5750,2017-04-04
2241,2242,Gujarat,Vadodara(Baroda),Bodeli(Modasar),Shanker 6 (B) 30mm FIne,Fibre Crops,12.5,5350,5800,5475,2017-04-06
2243,2244,Gujarat,Vadodara(Baroda),Bodeli,Shanker 6 (B) 30mm FIne,Fibre Crops,379.9,5000,5757,5575,2017-04-08
2248,2249,Gujarat,Vadodara(Baroda),Bodeli,Shanker 6 (B) 30mm FIne,Fibre Crops,219.0,5200,5750,5550,2017-04-10
2255,2256,Gujarat,Vadodara(Baroda),Bodeli(Kalediya),Shanker 6 (B) 30mm FIne,Fibre Crops,164.5,5200,5750,5600,2017-04-12
2257,2258,Gujarat,Vadodara(Baroda),Bodeli,Shanker 6 (B) 30mm FIne,Fibre Crops,262.1,5000,5721,5450,2017-04-14
2265,2266,Gujarat,Vadodara(Baroda),Bodeli(Modasar),Shanker 6 (B) 30mm FIne,Fibre Crops,3.0,4750,5450,5100,2017-04-16
2266,2267,Gujarat,Vadodara(Baroda),Bodeli,Shanker 6 (B) 30mm FIne,Fibre Crops,285.3,4800,5625,5400,2017-04-18
2275,2276,Gujarat,Vadodara(Baroda),Karjan,Shanker 6 (B) 30mm FIne,Fibre Crops,34.65,4700,4900,4800,2017-04-20
2276,2277,Gujarat,Vadodara(Baroda),Bodeli,Shanker 6 (B) 30mm FIne,Fibre Crops,262.4,4500,5689,5425,2017-04-22
2281,2282,Gujarat,Vadodara(Baroda),Bodeli,Shanker 6 (B) 30mm FIne,Fibre Crops,103.7,4500,5650,5400,2017-04-24
2288,2289,Gujarat,Vadodara(Baroda),Bodeli(Modasar),Shanker 6 (B) 30mm FIne,Fibre Crops,12.0,4650,5450,5150,2017-04-26
2289,2290,Gujarat,Vadodara(Baroda),Bodeli,Shanker 6 (B) 30mm FIne,Fibre Crops,107.1,4750,5640,5400,2017-04-28
2293,2294,Gujarat,Vadodara(Baroda),Bodeli,Shanker 6 (B) 30mm FIne,Fibre Crops,105.0,4700,5375,5150,2017-04-30
2300,2301,Gujarat,Vadodara(Baroda),Bodeli(Modasar),Shanker 6 (B) 30mm FIne,Fibre Crops,8.5,5000,5500,5300,2017-05-02
2306,2307,Gujarat,Vadodara(Baroda),Karjan,Shanker 6 (B) 30mm FIne,Fibre Crops,85.53,4101,4401,4251,2017-05-04
2307,2308,Gujarat,Vadodara(Baroda),Bodeli,Shanker 6 (B) 30mm FIne,Fibre Crops,64.3,4500,5550,5100,2017-05-06
2312,2313,Gujarat,Vadodara(Baroda),Bodeli,Shanker 6 (B) 30mm FIne,Fibre Crops,46.1,4700,5525,5150,2017-05-08
2321,2322,Gujarat,Vadodara(Baroda),Karjan,Shanker 6 (B) 30mm FIne,Fibre Crops,12.75,3800,4000,3950,2017-05-10
2322,2323,Gujarat,Vadodara(Baroda),Bodeli,Shanker 6 (B) 30mm FIne,Fibre Crops,54.2,3900,5629,5200,2017-05-12
2327,2328,Gujarat,Vadodara(Baroda),Bodeli,Shanker 6 (B) 30mm FIne,Fibre Crops,43.9,4250,5651,5150,2017-05-14
2335,2336,Gujarat,Vadodara(Baroda),Karjan,Shanker 6 (B) 30mm FIne,Fibre Crops,28.75,3700,3900,3800,2017-05-16
2336,2337,Gujarat,Vadodara(Baroda),Bodeli,Shanker 6 (B) 30mm FIne,Fibre Crops,75.0,4000,5615,5150,2017-05-18
2341,2342,Gujarat,Vadodara(Baroda),Bodeli,Shanker 6 (B) 30mm FIne,Fibre Crops,103.6,4800,5600,5350,2017-05-20
2348,2349,Gujarat,Vadodara(Baroda),Bodeli(Kalediya),Shanker 6 (B) 30mm FIne,Fibre Crops,14.0,4200,5450,4900,2017-05-21
2350,2351,Gujarat,Vadodara(Baroda),Bodeli,Shanker 6 (B) 30mm FIne,Fibre Crops,17.5,4250,5550,5000,2017-05-22
2359,2360,Gujarat,Vadodara(Baroda),Karjan,Shanker 6 (B) 30mm FIne,Fibre Crops,13.44,3800,4000,3900,2017-05-23
2363,2364,Gujarat,Vadodara(Baroda),Bodeli(Modasar),Shanker 6 (B) 30mm FIne,Fibre Crops,4.8,4250,5450,5000,2017-05-24
2365,2366,Gujarat,Vadodara(Baroda),Karjan,Shanker 6 (B) 30mm FIne,Fibre Crops,16.99,3800,4000,3900,2017-05-26
2366,2367,Gujarat,Vadodara(Baroda),Bodeli,Shanker 6 (B) 30mm FIne,Fibre Crops,5.5,4150,5400,5000,2017-05-28
2370,2371,Gujarat,Vadodara(Baroda),Bodeli,Shanker 6 (B) 30mm FIne,Fibre Crops,16.0,4100,5370,5000,2017-05-30
2375,2376,Gujarat,Vadodara(Baroda),Bodeli(Hadod),Shanker 6 (B) 30mm FIne,Fibre Crops,15.0,4170,5160,4790,2017-06-02
2377,2378,Gujarat,Vadodara(Baroda),Bodeli,Shanker 6 (B) 30mm FIne,Fibre Crops,9.4,4200,5350,4950,2017-06-04
2381,2382,Gujarat,Vadodara(Baroda),Bodeli(Kalediya),Shanker 6 (B) 30mm FIne,Fibre Crops,11.5,4100,5000,4500,2017-06-06
2382,2383,Gujarat,Vadodara(Baroda),Bodeli(Hadod),Shanker 6 (B) 30mm FIne,Fibre Crops,3.5,4100,5250,4750,2017-06-08
2384,2385,Gujarat,Vadodara(Baroda),Bodeli(Hadod),Shanker 6 (B) 30mm FIne,Fibre Crops,3.5,4100,5000,4600,2017-06-10
2386,2387,Gujarat,Vadodara(Baroda),Bodeli(Hadod),Shanker 6 (B) 30mm FIne,Fibre Crops,13.5,4000,5000,4500,2017-06-12
2388,2389,Gujarat,Vadodara(Baroda),Bodeli(Hadod),Shanker 6 (B) 30mm FIne,Fibre Crops,3.5,4000,5000,4500,2017-06-14
2389,2390,Gujarat,Vadodara(Baroda),Karjan,Shanker 6 (B) 30mm FIne,Fibre Crops,4.88,3900,3975,3951,2017-09-30
2390,2391,Gujarat,Vadodara(Baroda),Karjan,Shanker 6 (B) 30mm FIne,Fibre Crops,8.35,3851,4001,3951,2017-10-02
2391,2392,Gujarat,Vadodara(Baroda),Karjan,Shanker 6 (B) 30mm FIne,Fibre Crops,15.19,3700,4001,3951,2017-10-04
2392,2393,Gujarat,Vadodara(Baroda),Karjan,Shanker 6 (B) 30mm FIne,Fibre Crops,27.8,3801,4051,4025,2017-10-06
2393,2394,Gujarat,Vadodara(Baroda),Karjan,Shanker 6 (B) 30mm FIne,Fibre Crops,67.01,4000,4421,4351,2017-10-10
2394,2395,Gujarat,Vadodara(Baroda),Karjan,Shanker 6 (B) 30mm FIne,Fibre Crops,10.23,4200,4491,4400,2017-10-12
2395,2396,Gujarat,Vadodara(Baroda),Karjan,Shanker 6 (B) 30mm FIne,Fibre Crops,18.01,4351,4601,4551,2017-10-14
2396,2397,Gujarat,Vadodara(Baroda),Karjan,Shanker 6 (B) 30mm FIne,Fibre Crops,35.43,4201,4551,4501,2017-10-16
2397,2398,Gujarat,Vadodara(Baroda),Karjan,Shanker 6 (B) 30mm FIne,Fibre Crops,48.5,4151,4251,4201,2017-10-24
2399,2400,Gujarat,Vadodara(Baroda),Bodeli,Shanker 6 (B) 30mm FIne,Fibre Crops,131.07,4241,4241,4241,2017-10-26
2403,2404,Gujarat,Vadodara(Baroda),Bodeli(Kalediya),Shanker 6 (B) 30mm FIne,Fibre Crops,113.3,4000,4270,4270,2017-10-28
2405,2406,Gujarat,Vadodara(Baroda),Bodeli,Shanker 6 (B) 30mm FIne,Fibre Crops,94.36,4100,4270,4270,2017-10-30
2409,2410,Gujarat,Vadodara(Baroda),Karjan,Shanker 6 (B) 30mm FIne,Fibre Crops,510.0,4201,4325,4301,2017-11-01
2415,2416,Gujarat,Vadodara(Baroda),Savli,G-6,Fibre Crops,570.6,4770,4770,4770,2017-11-02
2417,2418,Gujarat,Vadodara(Baroda),Bodeli,Shanker 6 (B) 30mm FIne,Fibre Crops,86.25,4270,4270,4270,2017-11-04
2426,2427,Gujarat,Vadodara(Baroda),Jetpur-Pavi,Shanker 6 (B) 30mm FIne,Fibre Crops,2.5,4200,4300,4270,2017-11-06
2429,2430,Gujarat,Vadodara(Baroda),Bodeli,Shanker 6 (B) 30mm FIne,Fibre Crops,105.42,4270,4401,4401,2017-11-08
2435,2436,Gujarat,Vadodara(Baroda),Bodeli,Shanker 6 (B) 30mm FIne,Fibre Crops,117.8,4270,4400,4380,2017-11-10
2444,2445,Gujarat,Vadodara(Baroda),Bodeli(Modasar),Shanker 6 (B) 30mm FIne,Fibre Crops,45.0,4270,4270,4270,2017-11-12
2445,2446,Gujarat,Vadodara(Baroda),Bodeli,Shanker 6 (B) 30mm FIne,Fibre Crops,302.25,4270,4445,4445,2017-11-14
2451,2452,Gujarat,Vadodara(Baroda),Bodeli,Shanker 6 (B) 30mm FIne,Fibre Crops,99.89,2270,4427,4427,2017-11-16
2463,2464,Gujarat,Vadodara(Baroda),Nasvadi,Other,Fibre Crops,6.5,3920,4400,4270,2017-11-18
2465,2466,Gujarat,Vadodara(Baroda),Bodeli,Shanker 6 (B) 30mm FIne,Fibre Crops,178.2,4270,4490,4490,2017-11-20
2476,2477,Gujarat,Vadodara(Baroda),Nasvadi,Other,Fibre Crops,8.7,3965,4340,4270,2017-11-22
2477,2478,Gujarat,Vadodara(Baroda),Bodeli,Shanker 6 (B) 30mm FIne,Fibre Crops,413.94,4270,4270,4270,2017-11-24
2482,2483,Gujarat,Vadodara(Baroda),Bodeli,Shanker 6 (B) 30mm FIne,Fibre Crops,133.19,4270,4450,4450,2017-11-28
2491,2492,Gujarat,Vadodara(Baroda),Karjan,Shanker 6 (B) 30mm FIne,Fibre Crops,243.69,4270,4425,4401,2017-11-30
2498,2499,Gujarat,Vadodara(Baroda),Karjan,Shanker 6 (B) 30mm FIne,Fibre Crops,316.91,4270,4451,4425,2017-12-02
2500,2501,Gujarat,Vadodara(Baroda),Bodeli,Shanker 6 (B) 30mm FIne,Fibre Crops,329.74,4450,4546,4546,2017-12-04
2510,2511,Gujarat,Vadodara(Baroda),Karjan,Shanker 6 (B) 30mm FIne,Fibre Crops,18.95,4270,4451,4425,2017-12-06
2511,2512,Gujarat,Vadodara(Baroda),Bodeli,Shanker 6 (B) 30mm FIne,Fibre Crops,95.53,4270,4445,4445,2017-12-08
2516,2517,Gujarat,Vadodara(Baroda),Bodeli,Shanker 6 (B) 30mm FIne,Fibre Crops,703.62,4625,4649,4649,2017-12-12
2526,2527,Gujarat,Vadodara(Baroda),Nasvadi,Other,Fibre Crops,18.5,4165,4575,4270,2017-12-16
2533,2534,Gujarat,Vadodara(Baroda),Nasvadi,Other,Fibre Crops,32.5,4175,4575,4270,2017-12-18
2537,2538,Gujarat,Vadodara(Baroda),Karjan,Shanker 6 (B) 30mm FIne,Fibre Crops,173.51,4270,4701,4675,2017-12-20
2544,2545,Gujarat,Vadodara(Baroda),Nasvadi,Other,Fibre Crops,32.1,4200,4525,4270,2017-12-22
2551,2552,Gujarat,Vadodara(Baroda),Nasvadi,Other,Fibre Crops,13.6,4000,4525,4270,2017-12-26
2558,2559,Gujarat,Vadodara(Baroda),Karjan,Shanker 6 (B) 30mm FIne,Fibre Crops,236.94,4801,5051,4975,2017-12-28
2560,2561,Gujarat,Vadodara(Baroda),Bodeli,Shanker 6 (B) 30mm FIne,Fibre Crops,493.9,4951,5071,5000,2017-12-30
2575,2576,Gujarat,Vadodara(Baroda),Nasvadi(Thalkala),Other,Fibre Crops,10.7,4100,4680,4270,2018-01-01
2576,2577,Gujarat,Vadodara(Baroda),Bodeli,Shanker 6 (B) 30mm FIne,Fibre Crops,409.28,4975,5100,5030,2018-01-03
2581,2582,Gujarat,Vadodara(Baroda),Bodeli,Shanker 6 (B) 30mm FIne,Fibre Crops,562.7,4270,5200,5100,2018-01-05
2590,2591,Gujarat,Vadodara(Baroda),Bodeli(Modasar),Shanker 6 (B) 30mm FIne,Fibre Crops,10.0,4950,5100,5050,2018-01-07
2591,2592,Gujarat,Vadodara(Baroda),Bodeli,Shanker 6 (B) 30mm FIne,Fibre Crops,689.29,4800,5069,5069,2018-01-09
2603,2604,Gujarat,Vadodara(Baroda),Bodeli(Modasar),Shanker 6 (B) 30mm FIne,Fibre Crops,39.17,4950,5151,5151,2018-01-11
2613,2614,Gujarat,Vadodara(Baroda),Karjan,Shanker 6 (B) 30mm FIne,Fibre Crops,356.66,4701,4951,4901,2018-01-13
2615,2616,Gujarat,Vadodara(Baroda),Karjan,Shanker 6 (B) 30mm FIne,Fibre Crops,246.08,4801,5001,4951,2018-01-15
2622,2623,Gujarat,Vadodara(Baroda),Nasvadi(Thalkala),Other,Fibre Crops,8.2,4875,5120,5050,2018-01-17
2624,2625,Gujarat,Vadodara(Baroda),Bodeli,Shanker 6 (B) 30mm FIne,Fibre Crops,501.8,4801,5101,5000,2018-01-19
2633,2634,Gujarat,Vadodara(Baroda),Nasvadi,Shanker 6 (B) 30mm FIne,Fibre Crops,12.5,4775,4975,4890,2018-01-21
2640,2641,Gujarat,Vadodara(Baroda),Nasvadi,Shanker 6 (B) 30mm FIne,Fibre Crops,14.2,4825,5050,4925,2018-01-23
2641,2642,Gujarat,Vadodara(Baroda),Bodeli,Shanker 6 (B) 30mm FIne,Fibre Crops,1006.7,4800,5071,5071,2018-01-25
2654,2655,Gujarat,Vadodara(Baroda),Karjan,Shanker 6 (B) 30mm FIne,Fibre Crops,219.51,4801,4901,4875,2018-01-27
2656,2657,Gujarat,Vadodara(Baroda),Bodeli,Shanker 6 (B) 30mm FIne,Fibre Crops,511.85,4700,5015,5015,2018-01-29
2667,2668,Gujarat,Vadodara(Baroda),Nasvadi,Shanker 6 (B) 30mm FIne,Fibre Crops,14.5,4350,4725,4650,2018-01-31
2668,2669,Gujarat,Vadodara(Baroda),Bodeli,Shanker 6 (B) 30mm FIne,Fibre Crops,239.4,4750,5100,4900,2018-02-01
2674,2675,Gujarat,Vadodara(Baroda),Bodeli,Shanker 6 (B) 30mm FIne,Fibre Crops,437.7,4601,5100,5001,2018-02-03
2682,2683,Gujarat,Vadodara(Baroda),Vagodiya,Shanker 6 (B) 30mm FIne,Fibre Crops,1.7,4250,4800,4450,2018-02-05
2683,2684,Gujarat,Vadodara(Baroda),Bodeli,Shanker 6 (B) 30mm FIne,Fibre Crops,344.81,4647,5100,5012,2018-02-07
2686,2687,Gujarat,Vadodara(Baroda),Bodeli,Shanker 6 (B) 30mm FIne,Fibre Crops,325.88,4600,5200,5040,2018-02-09
2691,2692,Gujarat,Vadodara(Baroda),Bodeli,Shanker 6 (B) 30mm FIne,Fibre Crops,150.0,4800,5100,4950,2018-02-13
2698,2699,Gujarat,Vadodara(Baroda),Karjan,Shanker 6 (B) 30mm FIne,Fibre Crops,151.81,4270,5001,4651,2018-02-15
2699,2700,Gujarat,Vadodara(Baroda),Bodeli,Shanker 6 (B) 30mm FIne,Fibre Crops,474.7,4601,4881,4800,2018-02-17
2710,2711,Gujarat,Vadodara(Baroda),Karjan,Shanker 6 (B) 30mm FIne,Fibre Crops,298.6,4270,4651,4601,2018-02-19
2716,2717,Gujarat,Vadodara(Baroda),Karjan,Shanker 6 (B) 30mm FIne,Fibre Crops,127.6,4270,4701,4651,2018-02-21
2717,2718,Gujarat,Vadodara(Baroda),Bodeli,Shanker 6 (B) 30mm FIne,Fibre Crops,375.4,4600,4985,4850,2018-02-23
2724,2725,Gujarat,Vadodara(Baroda),Bodeli(Hadod),Shanker 6 (B) 30mm FIne,Fibre Crops,32.0,4720,4950,4850,2018-02-25
2734,2735,Gujarat,Vadodara(Baroda),Vagodiya,Shanker 6 (B) 30mm FIne,Fibre Crops,4.4,4250,4600,4450,2018-02-27
2735,2736,Gujarat,Vadodara(Baroda),Bodeli,Shanker 6 (B) 30mm FIne,Fibre Crops,245.4,4750,5100,4875,2018-03-01
2737,2738,Gujarat,Vadodara(Baroda),Karjan,Shanker 6 (B) 30mm FIne,Fibre Crops,148.34,4170,4601,4575,2018-03-03
2739,2740,Gujarat,Vadodara(Baroda),Karjan,Shanker 6 (B) 30mm FIne,Fibre Crops,33.69,4170,4601,4551,2018-03-05
2746,2747,Gujarat,Vadodara(Baroda),Nasvadi,Shanker 6 (B) 30mm FIne,Fibre Crops,15.2,3850,4320,4170,2018-03-07
2747,2748,Gujarat,Vadodara(Baroda),Bodeli,Shanker 6 (B) 30mm FIne,Fibre Crops,256.2,4600,5101,4875,2018-03-09
2753,2754,Gujarat,Vadodara(Baroda),Bodeli,Shanker 6 (B) 30mm FIne,Fibre Crops,532.2,4600,4850,4775,2018-03-13
2762,2763,Gujarat,Vadodara(Baroda),Karjan,Shanker 6 (B) 30mm FIne,Fibre Crops,81.34,4170,4651,4601,2018-03-14
2763,2764,Gujarat,Vadodara(Baroda),Bodeli,Shanker 6 (B) 30mm FIne,Fibre Crops,265.0,4650,4920,4800,2018-03-17
2768,2769,Gujarat,Vadodara(Baroda),Bodeli,Shanker 6 (B) 30mm FIne,Fibre Crops,332.5,4501,4850,4800,2018-03-19
2775,2776,Gujarat,Vadodara(Baroda),Bodeli(Kalediya),Shanker 6 (B) 30mm FIne,Fibre Crops,65.0,4550,4850,4750,2018-03-21
2776,2777,Gujarat,Vadodara(Baroda),Bodeli,Shanker 6 (B) 30mm FIne,Fibre Crops,104.7,4586,4846,4700,2018-03-23
2780,2781,Gujarat,Vadodara(Baroda),Bodeli(Hadod),Shanker 6 (B) 30mm FIne,Fibre Crops,155.0,4600,4825,4700,2018-03-27
2783,2784,Gujarat,Vadodara(Baroda),Bodeli,Shanker 6 (B) 30mm FIne,Fibre Crops,41.8,4600,4650,4625,2018-03-29
2789,2790,Gujarat,Vadodara(Baroda),Bodeli(Kalediya),Shanker 6 (B) 30mm FIne,Fibre Crops,20.0,4600,4800,4700,2018-03-31
2790,2791,Gujarat,Vadodara(Baroda),Bodeli,Shanker 6 (B) 30mm FIne,Fibre Crops,15.9,4601,5100,4750,2018-04-02
2793,2794,Gujarat,Vadodara(Baroda),Bodeli,Shanker 6 (B) 30mm FIne,Fibre Crops,58.1,4350,5100,4650,2018-04-03
2796,2797,Gujarat,Vadodara(Baroda),Bodeli,Shanker 6 (B) 30mm FIne,Fibre Crops,349.5,4450,4850,4750,2018-04-05
2804,2805,Gujarat,Vadodara(Baroda),Bodeli(Modasar),Shanker 6 (B) 30mm FIne,Fibre Crops,8.0,4350,4900,4750,2018-04-07
2810,2811,Gujarat,Vadodara(Baroda),Karjan,Shanker 6 (B) 30mm FIne,Fibre Crops,72.09,3601,4601,4110,2018-04-09
2811,2812,Gujarat,Vadodara(Baroda),Bodeli,Shanker 6 (B) 30mm FIne,Fibre Crops,202.3,4250,5000,4750,2018-04-11
2816,2817,Gujarat,Vadodara(Baroda),Bodeli,Shanker 6 (B) 30mm FIne,Fibre Crops,144.8,4400,5015,4850,2018-04-13
2822,2823,Gujarat,Vadodara(Baroda),Bodeli(Modasar),Shanker 6 (B) 30mm FIne,Fibre Crops,15.5,4400,4950,4750,2018-04-17
2823,2824,Gujarat,Vadodara(Baroda),Bodeli,Shanker 6 (B) 30mm FIne,Fibre Crops,136.0,4500,5100,4850,2018-04-19
2826,2827,Gujarat,Vadodara(Baroda),Bodeli,Shanker 6 (B) 30mm FIne,Fibre Crops,128.7,4675,5101,4850,2018-04-21
2830,2831,Gujarat,Vadodara(Baroda),Karjan,Shanker 6 (B) 30mm FIne,Fibre Crops,19.37,4001,4301,4101,2018-04-23
2834,2835,Gujarat,Vadodara(Baroda),Bodeli(Modasar),Shanker 6 (B) 30mm FIne,Fibre Crops,14.0,4250,5025,4750,2018-04-25
2840,2841,Gujarat,Vadodara(Baroda),Karjan,Shanker 6 (B) 30mm FIne,Fibre Crops,12.54,3800,4025,3900,2018-04-27
2841,2842,Gujarat,Vadodara(Baroda),Bodeli,Shanker 6 (B) 30mm FIne,Fibre Crops,118.2,4200,5100,4800,2018-05-01
2845,2846,Gujarat,Vadodara(Baroda),Bodeli,Shanker 6 (B) 30mm FIne,Fibre Crops,63.9,4000,5180,4850,2018-05-03
2852,2853,Gujarat,Vadodara(Baroda),Vagodiya,Shanker 6 (B) 30mm FIne,Fibre Crops,0.9,4000,4200,4100,2018-05-05
2853,2854,Gujarat,Vadodara(Baroda),Bodeli,Shanker 6 (B) 30mm FIne,Fibre Crops,54.8,4000,5376,4900,2018-05-07
2858,2859,Gujarat,Vadodara(Baroda),Bodeli(Kalediya),Shanker 6 (B) 30mm FIne,Fibre Crops,26.1,4200,5300,4850,2018-05-09
2864,2865,Gujarat,Vadodara(Baroda),Bodeli(Modasar),Shanker 6 (B) 30mm FIne,Fibre Crops,10.0,4400,5100,4850,2018-05-11
2869,2870,Gujarat,Vadodara(Baroda),Bodeli(Modasar),Shanker 6 (B) 30mm FIne,Fibre Crops,5.0,4250,4750,4450,2018-05-15
2870,2871,Gujarat,Vadodara(Baroda),Bodeli,Shanker 6 (B) 30mm FIne,Fibre Crops,38.0,4200,5400,4750,2018-05-17
2878,2879,Gujarat,Vadodara(Baroda),Karjan,Shanker 6 (B) 30mm FIne,Fibre Crops,10.89,3801,4100,4001,2018-05-19
2879,2880,Gujarat,Vadodara(Baroda),Bodeli,Shanker 6 (B) 30mm FIne,Fibre Crops,16.6,4200,5424,4650,2018-05-21
2881,2882,Gujarat,Vadodara(Baroda),Bodeli,Shanker 6 (B) 30mm FIne,Fibre Crops,4.8,4500,5301,4800,2018-05-23
2883,2884,Gujarat,Vadodara(Baroda),Bodeli,Shanker 6 (B) 30mm FIne,Fibre Crops,7.8,4201,4949,4750,2018-05-25
2885,2886,Gujarat,Vadodara(Baroda),Bodeli(Kalediya),Shanker 6 (B) 30mm FIne,Fibre Crops,40.9,4250,4850,4650,2018-05-29
2886,2887,Gujarat,Vadodara(Baroda),Bodeli,Shanker 6 (B) 30mm FIne,Fibre Crops,2.1,4400,4601,4550,2018-09-19
2889,2890,Gujarat,Vadodara(Baroda),Bodeli,Shanker 6 (B) 30mm FIne,Fibre Crops,10.0,4800,5150,4950,2018-09-21
2896,2897,Gujarat,Vadodara(Baroda),Bodeli(Modasar),Shanker 6 (B) 30mm FIne,Fibre Crops,1.0,5250,5450,5350,2018-09-23
2897,2898,Gujarat,Vadodara(Baroda),Bodeli,Shanker 6 (B) 30mm FIne,Fibre Crops,17.5,5000,5450,5250,2018-09-25
2904,2905,Gujarat,Vadodara(Baroda),Bodeli(Modasar),Shanker 6 (B) 30mm FIne,Fibre Crops,11.0,5450,5450,5450,2018-09-27
2905,2906,Gujarat,Vadodara(Baroda),Bodeli,Shanker 6 (B) 30mm FIne,Fibre Crops,15.0,5450,5450,5450,2018-09-29
2912,2913,Gujarat,Vadodara(Baroda),Bodeli(Modasar),Shanker 6 (B) 30mm FIne,Fibre Crops,13.0,5450,5550,5475,2018-10-01
2918,2919,Gujarat,Vadodara(Baroda),Karjan,Shanker 6 (B) 30mm FIne,Fibre Crops,9.01,5001,5101,5051,2018-10-03
2923,2924,Gujarat,Vadodara(Baroda),Karjan,Shanker 6 (B) 30mm FIne,Fibre Crops,12.54,4951,5151,5101,2018-10-05
2924,2925,Gujarat,Vadodara(Baroda),Bodeli,Shanker 6 (B) 30mm FIne,Fibre Crops,19.0,5450,5530,5500,2018-10-07
2938,2939,Gujarat,Vadodara(Baroda),Bodeli,Shanker 6 (B) 30mm FIne,Fibre Crops,17.5,5450,5525,5500,2018-10-09
2948,2949,Gujarat,Vadodara(Baroda),Nasvadi,Other,Fibre Crops,3.5,4750,5175,4900,2018-10-11
2950,2951,Gujarat,Vadodara(Baroda),Bodeli,Shanker 6 (B) 30mm FIne,Fibre Crops,35.0,5300,5500,5450,2018-10-13
2956,2957,Gujarat,Vadodara(Baroda),Bodeli(Hadod),Shanker 6 (B) 30mm FIne,Fibre Crops,12.5,5450,5450,5450,2018-10-15
2965,2966,Gujarat,Vadodara(Baroda),Karjan,Shanker 6 (B) 30mm FIne,Fibre Crops,108.5,5551,5651,5625,2018-10-17
2971,2972,Gujarat,Vadodara(Baroda),Karjan,Shanker 6 (B) 30mm FIne,Fibre Crops,223.1,5401,5601,5551,2018-10-19
2973,2974,Gujarat,Vadodara(Baroda),Bodeli,Shanker 6 (B) 30mm FIne,Fibre Crops,10.0,5525,5650,5575,2018-10-21
2983,2984,Gujarat,Vadodara(Baroda),Nasvadi,H-6,Fibre Crops,26.0,5025,5385,5200,2018-10-23
2985,2986,Gujarat,Vadodara(Baroda),Bodeli,Shanker 6 (B) 30mm FIne,Fibre Crops,36.2,5450,5875,5700,2018-10-25
2994,2995,Gujarat,Vadodara(Baroda),Bodeli(Modasar),Shanker 6 (B) 30mm FIne,Fibre Crops,12.4,5575,5730,5650,2018-10-27
2995,2996,Gujarat,Vadodara(Baroda),Bodeli,Shanker 6 (B) 30mm FIne,Fibre Crops,136.5,5500,5825,5750,2018-10-29
3000,3001,Gujarat,Vadodara(Baroda),Bodeli,Shanker 6 (B) 30mm FIne,Fibre Crops,116.5,5500,5800,5725,2018-11-01
3011,3012,Gujarat,Vadodara(Baroda),Vagodiya,Shanker 6 (B) 30mm FIne,Fibre Crops,88.2,5250,5400,5350,2018-11-03
3012,3013,Gujarat,Vadodara(Baroda),Bodeli,Shanker 6 (B) 30mm FIne,Fibre Crops,65.4,5500,5750,5675,2018-11-05
3028,3029,Gujarat,Vadodara(Baroda),Karjan,Shanker 6 (B) 30mm FIne,Fibre Crops,72.8,5451,5601,5575,2018-11-07
3029,3030,Gujarat,Vadodara(Baroda),Bodeli,Shanker 6 (B) 30mm FIne,Fibre Crops,18.5,5500,5700,5600,2018-11-11
3038,3039,Gujarat,Vadodara(Baroda),Nasvadi,H-6,Fibre Crops,38.7,5400,5725,5575,2018-11-13
3041,3042,Gujarat,Vadodara(Baroda),Bodeli,Shanker 6 (B) 30mm FIne,Fibre Crops,176.0,5560,5800,5750,2018-11-15
3055,3056,Gujarat,Vadodara(Baroda),Nasvadi(Thalkala),H-6,Fibre Crops,9.8,5385,5675,5525,2018-11-17
3057,3058,Gujarat,Vadodara(Baroda),Bodeli,Shanker 6 (B) 30mm FIne,Fibre Crops,185.0,5525,5725,5675,2018-11-19
3066,3067,Gujarat,Vadodara(Baroda),Bodeli(Modasar),Shanker 6 (B) 30mm FIne,Fibre Crops,23.3,5425,5520,5475,2018-11-21
3068,3069,Gujarat,Vadodara(Baroda),Bodeli,Shanker 6 (B) 30mm FIne,Fibre Crops,190.4,5500,5626,5550,2018-11-23
3074,3075,Gujarat,Vadodara(Baroda),Bodeli,Shanker 6 (B) 30mm FIne,Fibre Crops,27.5,5400,5475,5450,2018-11-25
3083,3084,Gujarat,Vadodara(Baroda),Karjan,Shanker 6 (B) 30mm FIne,Fibre Crops,151.3,5201,5351,5301,2018-11-27
3087,3088,Gujarat,Vadodara(Baroda),Bodeli,Shanker 6 (B) 30mm FIne,Fibre Crops,219.1,5300,5445,5411,2018-11-29
3103,3104,Gujarat,Vadodara(Baroda),Nasvadi(Thalkala),H-6,Fibre Crops,10.4,5090,5475,5310,2018-12-01
3104,3105,Gujarat,Vadodara(Baroda),Bodeli,Shanker 6 (B) 30mm FIne,Fibre Crops,243.0,5325,5491,5450,2018-12-03
3117,3118,Gujarat,Vadodara(Baroda),Karjan,Shanker 6 (B) 30mm FIne,Fibre Crops,285.9,5201,5325,5301,2018-12-05
3132,3133,Gujarat,Vadodara(Baroda),Karjan,Shanker 6 (B) 30mm FIne,Fibre Crops,309.6,5201,5351,5301,2018-12-07
3137,3138,Gujarat,Vadodara(Baroda),Jetpur-Pavi,Shanker 6 (B) 30mm FIne,Fibre Crops,6.06,5370,5475,5450,2018-12-11
3146,3147,Gujarat,Vadodara(Baroda),Karjan,Shanker 6 (B) 30mm FIne,Fibre Crops,249.0,5325,5425,5375,2018-12-13
3156,3157,Gujarat,Vadodara(Baroda),Savli,G-6,Fibre Crops,25.69,5350,5400,5375,2018-12-15
3157,3158,Gujarat,Vadodara(Baroda),Bodeli,Shanker 6 (B) 30mm FIne,Fibre Crops,345.0,5400,5521,5475,2018-12-17
3170,3171,Gujarat,Vadodara(Baroda),Nasvadi(Thalkala),H-6,Fibre Crops,11.4,5150,5385,5290,2018-12-19
3171,3172,Gujarat,Vadodara(Baroda),Bodeli,Shanker 6 (B) 30mm FIne,Fibre Crops,254.0,5400,5500,5450,2018-12-21
3181,3182,Gujarat,Vadodara(Baroda),Bodeli(Kalediya),Shanker 6 (B) 30mm FIne,Fibre Crops,25.0,5350,5400,5375,2018-12-23
3183,3184,Gujarat,Vadodara(Baroda),Bodeli,Shanker 6 (B) 30mm FIne,Fibre Crops,522.6,5325,5400,5375,2018-12-25
3194,3195,Gujarat,Vadodara(Baroda),Jetpur-Pavi,Shanker 6 (B) 30mm FIne,Fibre Crops,5.33,5350,5424,5400,2018-12-27
3198,3199,Gujarat,Vadodara(Baroda),Bodeli,Shanker 6 (B) 30mm FIne,Fibre Crops,418.4,5301,5447,5400,2018-12-29
3212,3213,Gujarat,Vadodara(Baroda),Vagodiya,Shanker 6 (B) 30mm FIne,Fibre Crops,8.7,5200,5300,5250,2018-12-31
3221,3222,Gujarat,Vadodara(Baroda),Vagodiya,Shanker 6 (B) 30mm FIne,Fibre Crops,6.7,5200,5350,5250,2019-01-01
3230,3231,Gujarat,Vadodara(Baroda),Vagodiya,Shanker 6 (B) 30mm FIne,Fibre Crops,6.6,5200,5300,5250,2019-01-03
3239,3240,Gujarat,Vadodara(Baroda),Vagodiya,Shanker 6 (B) 30mm FIne,Fibre Crops,2.9,5000,5350,5250,2019-01-05
3246,3247,Gujarat,Vadodara(Baroda),Nasvadi(Thalkala),H-6,Fibre Crops,5.2,5130,5350,5240,2019-01-07
3248,3249,Gujarat,Vadodara(Baroda),Bodeli,Shanker 6 (B) 30mm FIne,Fibre Crops,609.5,5300,5450,5400,2019-01-09
3264,3265,Gujarat,Vadodara(Baroda),Vagodiya,Shanker 6 (B) 30mm FIne,Fibre Crops,1.9,5250,5320,5300,2019-01-11
3265,3266,Gujarat,Vadodara(Baroda),Bodeli,Shanker 6 (B) 30mm FIne,Fibre Crops,24.42,5300,5452,5400,2019-01-15
3277,3278,Gujarat,Vadodara(Baroda),Nasvadi,H-6,Fibre Crops,21.0,5025,5310,5185,2019-01-17
3287,3288,Gujarat,Vadodara(Baroda),Nasvadi(Thalkala),H-6,Fibre Crops,8.7,5020,5275,5150,2019-01-19
3296,3297,Gujarat,Vadodara(Baroda),Vagodiya,Shanker 6 (B) 30mm FIne,Fibre Crops,3.0,5100,5225,5180,2019-01-21
3301,3302,Gujarat,Vadodara(Baroda),Jetpur-Pavi,Shanker 6 (B) 30mm FIne,Fibre Crops,9.58,5310,5460,5385,2019-01-23
3306,3307,Gujarat,Vadodara(Baroda),Bodeli(Hadod),Shanker 6 (B) 30mm FIne,Fibre Crops,174.4,5400,5500,5450,2019-01-25
3313,3314,Gujarat,Vadodara(Baroda),Bodeli,Shanker 6 (B) 30mm FIne,Fibre Crops,16.0,5400,5500,5450,2019-01-27
3324,3325,Gujarat,Vadodara(Baroda),Vagodiya,Shanker 6 (B) 30mm FIne,Fibre Crops,2.9,5000,5200,5150,2019-01-29
3330,3331,Gujarat,Vadodara(Baroda),Karjan,Shanker 6 (B) 30mm FIne,Fibre Crops,305.3,5301,5401,5375,2019-02-01
3333,3334,Gujarat,Vadodara(Baroda),Bodeli,Shanker 6 (B) 30mm FIne,Fibre Crops,45.0,5411,5536,5465,2019-02-03
3342,3343,Gujarat,Vadodara(Baroda),Karjan,Shanker 6 (B) 30mm FIne,Fibre Crops,146.3,5251,5401,5351,2019-02-05
3345,3346,Gujarat,Vadodara(Baroda),Bodeli,Shanker 6 (B) 30mm FIne,Fibre Crops,332.3,5350,5481,5450,2019-02-07
3358,3359,Gujarat,Vadodara(Baroda),Karjan,Shanker 6 (B) 30mm FIne,Fibre Crops,169.5,5201,5351,5301,2019-02-09
3364,3365,Gujarat,Vadodara(Baroda),Karjan,Shanker 6 (B) 30mm FIne,Fibre Crops,156.0,5151,5301,5251,2019-02-11
3370,3371,Gujarat,Vadodara(Baroda),Karjan,Shanker 6 (B) 30mm FIne,Fibre Crops,121.8,5201,5301,5275,2019-02-13
3372,3373,Gujarat,Vadodara(Baroda),Bodeli,Shanker 6 (B) 30mm FIne,Fibre Crops,201.25,5350,5476,5400,2019-02-15
3380,3381,Gujarat,Vadodara(Baroda),Bodeli,Shanker 6 (B) 30mm FIne,Fibre Crops,21.0,5353,5480,5400,2019-02-17
3388,3389,Gujarat,Vadodara(Baroda),Karjan,Shanker 6 (B) 30mm FIne,Fibre Crops,149.0,5101,5251,5201,2019-02-19
3389,3390,Gujarat,Vadodara(Baroda),Bodeli,Shanker 6 (B) 30mm FIne,Fibre Crops,275.13,5301,5488,5400,2019-02-21
3401,3402,Gujarat,Vadodara(Baroda),Karjan,Shanker 6 (B) 30mm FIne,Fibre Crops,125.5,5101,5201,5151,2019-02-23
3402,3403,Gujarat,Vadodara(Baroda),Bodeli,Shanker 6 (B) 30mm FIne,Fibre Crops,255.78,5300,5524,5400,2019-02-25
3415,3416,Gujarat,Vadodara(Baroda),Nasvadi(Thalkala),H-6,Fibre Crops,3.5,4960,5400,5275,2019-02-27
3422,3423,Gujarat,Vadodara(Baroda),Nasvadi(Thalkala),H-6,Fibre Crops,1.5,4950,5375,5230,2019-03-01
3423,3424,Gujarat,Vadodara(Baroda),Bodeli,Shanker 6 (B) 30mm FIne,Fibre Crops,11.0,5301,5525,5400,2019-03-03
3432,3433,Gujarat,Vadodara(Baroda),Nasvadi,H-6,Fibre Crops,4.0,4865,5320,5200,2019-03-05
3434,3435,Gujarat,Vadodara(Baroda),Bodeli,Shanker 6 (B) 30mm FIne,Fibre Crops,178.78,5400,5632,5500,2019-03-07
3444,3445,Gujarat,Vadodara(Baroda),Karjan,Shanker 6 (B) 30mm FIne,Fibre Crops,112.6,5001,5151,5101,2019-03-09
3445,3446,Gujarat,Vadodara(Baroda),Bodeli,Shanker 6 (B) 30mm FIne,Fibre Crops,179.2,5274,5518,5500,2019-03-11
3457,3458,Gujarat,Vadodara(Baroda),Karjan,Shanker 6 (B) 30mm FIne,Fibre Crops,52.5,5001,5201,5151,2019-03-13
3460,3461,Gujarat,Vadodara(Baroda),Bodeli,Shanker 6 (B) 30mm FIne,Fibre Crops,138.19,5400,5700,5600,2019-03-15
3466,3467,Gujarat,Vadodara(Baroda),Bodeli,Shanker 6 (B) 30mm FIne,Fibre Crops,55.0,5556,5816,5700,2019-03-17
3474,3475,Gujarat,Vadodara(Baroda),Karjan,Shanker 6 (B) 30mm FIne,Fibre Crops,45.5,5151,5351,5251,2019-03-19
3475,3476,Gujarat,Vadodara(Baroda),Bodeli,Shanker 6 (B) 30mm FIne,Fibre Crops,96.55,5757,5888,5800,2019-03-21
3479,3480,Gujarat,Vadodara(Baroda),Bodeli,Shanker 6 (B) 30mm FIne,Fibre Crops,21.96,5556,6000,5850,2019-03-23
3488,3489,Gujarat,Vadodara(Baroda),Karjan,Shanker 6 (B) 30mm FIne,Fibre Crops,36.5,5151,5351,5251,2019-03-25
3493,3494,Gujarat,Vadodara(Baroda),Karjan,Shanker 6 (B) 30mm FIne,Fibre Crops,22.5,5201,5401,5351,2019-03-27
3494,3495,Gujarat,Vadodara(Baroda),Bodeli,Shanker 6 (B) 30mm FIne,Fibre Crops,8.28,5500,6200,5800,2019-03-29
3499,3500,Gujarat,Vadodara(Baroda),Bodeli,Shanker 6 (B) 30mm FIne,Fibre Crops,112.48,5400,6200,5800,2019-04-01
3508,3509,Gujarat,Vadodara(Baroda),Karjan,Shanker 6 (B) 30mm FIne,Fibre Crops,35.0,5251,5401,5351,2019-04-03
3509,3510,Gujarat,Vadodara(Baroda),Bodeli,Shanker 6 (B) 30mm FIne,Fibre Crops,93.05,5574,6201,5800,2019-04-05
3514,3515,Gujarat,Vadodara(Baroda),Bodeli,Shanker 6 (B) 30mm FIne,Fibre Crops,10.0,5555,6250,5800,2019-04-07
3521,3522,Gujarat,Vadodara(Baroda),Bodeli(Modasar),Shanker 6 (B) 30mm FIne,Fibre Crops,22.5,5700,6375,6100,2019-04-09
3523,3524,Gujarat,Vadodara(Baroda),Bodeli,Shanker 6 (B) 30mm FIne,Fibre Crops,42.6,5500,6400,6100,2019-04-11
3527,3528,Gujarat,Vadodara(Baroda),Bodeli,Shanker 6 (B) 30mm FIne,Fibre Crops,60.3,5501,6400,6000,2019-04-13
3537,3538,Gujarat,Vadodara(Baroda),Karjan,Shanker 6 (B) 30mm FIne,Fibre Crops,61.0,5401,5551,5501,2019-04-15
3538,3539,Gujarat,Vadodara(Baroda),Bodeli,Shanker 6 (B) 30mm FIne,Fibre Crops,63.4,5600,6500,6000,2019-04-17
3547,3548,Gujarat,Vadodara(Baroda),Karjan,Shanker 6 (B) 30mm FIne,Fibre Crops,32.0,5451,5601,5551,2019-04-19
3551,3552,Gujarat,Vadodara(Baroda),Bodeli(Modasar),Shanker 6 (B) 30mm FIne,Fibre Crops,3.5,5600,6400,6000,2019-04-21
3555,3556,Gujarat,Vadodara(Baroda),Bodeli(Modasar),Shanker 6 (B) 30mm FIne,Fibre Crops,3.6,5501,6401,6000,2019-04-23
3556,3557,Gujarat,Vadodara(Baroda),Bodeli,Shanker 6 (B) 30mm FIne,Fibre Crops,30.15,5400,6450,6000,2019-04-25
3561,3562,Gujarat,Vadodara(Baroda),Bodeli,Shanker 6 (B) 30mm FIne,Fibre Crops,34.64,5454,6475,6000,2019-04-27
3568,3569,Gujarat,Vadodara(Baroda),Bodeli(Modasar),Shanker 6 (B) 30mm FIne,Fibre Crops,14.0,5454,6400,6000,2019-04-29
3570,3571,Gujarat,Vadodara(Baroda),Karjan,Shanker 6 (B) 30mm FIne,Fibre Crops,6.0,5401,5501,5451,2019-05-01
3578,3579,Gujarat,Vadodara(Baroda),Nasvadi,H-6,Fibre Crops,8.5,4950,5525,5325,2019-05-02
3585,3586,Gujarat,Vadodara(Baroda),Nasvadi,H-6,Fibre Crops,8.9,4975,5510,5325,2019-05-03
3587,3588,Gujarat,Vadodara(Baroda),Bodeli,Shanker 6 (B) 30mm FIne,Fibre Crops,4.5,5400,6308,6000,2019-05-05
3591,3592,Gujarat,Vadodara(Baroda),Bodeli,Shanker 6 (B) 30mm FIne,Fibre Crops,11.0,5400,6301,6000,2019-05-07
3602,3603,Gujarat,Vadodara(Baroda),Nasvadi(Thalkala),H-6,Fibre Crops,5.5,4950,5560,5230,2019-05-09
3603,3604,Gujarat,Vadodara(Baroda),Bodeli,Shanker 6 (B) 30mm FIne,Fibre Crops,4.5,5400,5500,5450,2019-05-11
3612,3613,Gujarat,Vadodara(Baroda),Nasvadi,H-6,Fibre Crops,10.5,4950,5510,5230,2019-05-13
3618,3619,Gujarat,Vadodara(Baroda),Nasvadi,H-6,Fibre Crops,10.5,4850,5450,5225,2019-05-15
3620,3621,Gujarat,Vadodara(Baroda),Bodeli,Shanker 6 (B) 30mm FIne,Fibre Crops,1.4,5200,5200,5200,2019-05-17
3626,3627,Gujarat,Vadodara(Baroda),Bodeli,Shanker 6 (B) 30mm FIne,Fibre Crops,1.1,5200,5300,5250,2019-05-19
3633,3634,Gujarat,Vadodara(Baroda),Bodeli(Modasar),Shanker 6 (B) 30mm FIne,Fibre Crops,0.8,5300,5300,5300,2019-05-21
3634,3635,Gujarat,Vadodara(Baroda),Bodeli,Shanker 6 (B) 30mm FIne,Fibre Crops,2.5,5100,5200,5150,2019-05-23
3638,3639,Gujarat,Vadodara(Baroda),Bodeli,Shanker 6 (B) 30mm FIne,Fibre Crops,1.8,5300,5400,5350,2019-05-25
3649,3650,Gujarat,Vadodara(Baroda),Nasvadi(Thalkala),H-6,Fibre Crops,6.5,4810,5420,5225,2019-05-27
3650,3651,Gujarat,Vadodara(Baroda),Bodeli,Shanker 6 (B) 30mm FIne,Fibre Crops,1.2,5200,5200,5200,2019-05-29
3656,3657,Gujarat,Vadodara(Baroda),Bodeli(Hadod),Shanker 6 (B) 30mm FIne,Fibre Crops,13.3,4800,5200,5000,2019-06-01
3663,3664,Gujarat,Vadodara(Baroda),Bodeli(Modasar),Shanker 6 (B) 30mm FIne,Fibre Crops,1.8,5200,5400,5300,2019-06-03
3664,3665,Gujarat,Vadodara(Baroda),Bodeli(Hadod),Shanker 6 (B) 30mm FIne,Fibre Crops,3.5,5150,5300,5250,2019-06-05
3667,3668,Gujarat,Vadodara(Baroda),Bodeli(Hadod),Shanker 6 (B) 30mm FIne,Fibre Crops,3.0,5200,5300,5250,2019-06-07
3670,3671,Gujarat,Vadodara(Baroda),Bodeli(Hadod),Shanker 6 (B) 30mm FIne,Fibre Crops,3.0,5100,5250,5200,2019-06-09
3673,3674,Gujarat,Vadodara(Baroda),Bodeli(Hadod),Shanker 6 (B) 30mm FIne,Fibre Crops,2.0,5200,5400,5300,2019-06-11
3679,3680,Gujarat,Vadodara(Baroda),Bodeli(Modasar),Shanker 6 (B) 30mm FIne,Fibre Crops,2.0,5200,5400,5300,2019-06-13
3680,3681,Gujarat,Vadodara(Baroda),Bodeli(Hadod),Shanker 6 (B) 30mm FIne,Fibre Crops,1.2,5250,5400,5350,2019-06-15
3683,3684,Gujarat,Vadodara(Baroda),Bodeli,Shanker 6 (B) 30mm FIne,Fibre Crops,8.7,4610,5430,5000,2019-06-17
3688,3689,Gujarat,Vadodara(Baroda),Bodeli(Hadod),Shanker 6 (B) 30mm FIne,Fibre Crops,1.0,5300,5400,5350,2019-06-19
3694,3695,Gujarat,Vadodara(Baroda),Bodeli(Modasar),Shanker 6 (B) 30mm FIne,Fibre Crops,0.5,5350,5400,5375,2019-06-21
3696,3697,Gujarat,Vadodara(Baroda),Bodeli(Hadod),Shanker 6 (B) 30mm FIne,Fibre Crops,1.0,5300,5400,5350,2019-06-23
3699,3700,Gujarat,Vadodara(Baroda),Bodeli,Shanker 6 (B) 30mm FIne,Fibre Crops,0.3,5400,5450,5400,2019-06-25
3705,3706,Gujarat,Vadodara(Baroda),Bodeli(Kalediya),Shanker 6 (B) 30mm FIne,Fibre Crops,0.7,5300,5450,5350,2019-06-27
3707,3708,Gujarat,Vadodara(Baroda),Bodeli,Shanker 6 (B) 30mm FIne,Fibre Crops,0.4,5400,5400,5400,2019-06-29
3711,3712,Gujarat,Vadodara(Baroda),Bodeli(Modasar),Shanker 6 (B) 30mm FIne,Fibre Crops,0.5,4500,5000,5000,2019-10-03
3712,3713,Gujarat,Vadodara(Baroda),Bodeli,Shanker 6 (B) 30mm FIne,Fibre Crops,0.7,4500,4550,4500,2019-10-05
3716,3717,Gujarat,Vadodara(Baroda),Bodeli,Shanker 6 (B) 30mm FIne,Fibre Crops,0.5,4500,5000,4550,2019-10-07
3723,3724,Gujarat,Vadodara(Baroda),Bodeli(Modasar),Shanker 6 (B) 30mm FIne,Fibre Crops,0.4,4500,4500,4500,2019-10-09
3724,3725,Gujarat,Vadodara(Baroda),Bodeli,Shanker 6 (B) 30mm FIne,Fibre Crops,0.45,4500,4500,4500,2019-10-11
3728,3729,Gujarat,Vadodara(Baroda),Bodeli,Shanker 6 (B) 30mm FIne,Fibre Crops,0.2,4500,4600,4550,2019-10-13
3733,3734,Gujarat,Vadodara(Baroda),Bodeli(Hadod),Shanker 6 (B) 30mm FIne,Fibre Crops,0.7,4500,4502,4500,2019-10-15
3739,3740,Gujarat,Vadodara(Baroda),Bodeli(Modasar),Shanker 6 (B) 30mm FIne,Fibre Crops,11.0,5200,5200,5200,2019-10-17
3740,3741,Gujarat,Vadodara(Baroda),Bodeli,Shanker 6 (B) 30mm FIne,Fibre Crops,0.52,4700,5000,4850,2019-10-19
3744,3745,Gujarat,Vadodara(Baroda),Bodeli,Shanker 6 (B) 30mm FIne,Fibre Crops,0.47,4500,4600,4550,2019-10-21
3751,3752,Gujarat,Vadodara(Baroda),Bodeli(Modasar),Shanker 6 (B) 30mm FIne,Fibre Crops,0.5,5200,5500,5350,2019-10-23
3753,3754,Gujarat,Vadodara(Baroda),Bodeli,Shanker 6 (B) 30mm FIne,Fibre Crops,3.2,5150,5300,5200,2019-10-25
3757,3758,Gujarat,Vadodara(Baroda),Bodeli,Shanker 6 (B) 30mm FIne,Fibre Crops,0.5,4500,4500,4500,2019-10-29
3761,3762,Gujarat,Vadodara(Baroda),Bodeli,Shanker 6 (B) 30mm FIne,Fibre Crops,0.4,4500,4501,4500,2019-10-30
3770,3771,Gujarat,Vadodara(Baroda),Vagodiya,Shanker 6 (B) 30mm FIne,Fibre Crops,0.7,4900,5050,5000,2019-11-01
3771,3772,Gujarat,Vadodara(Baroda),Bodeli,Shanker 6 (B) 30mm FIne,Fibre Crops,3.0,4700,5100,5000,2019-11-03
3776,3777,Gujarat,Vadodara(Baroda),Bodeli,Shanker 6 (B) 30mm FIne,Fibre Crops,32.2,5000,5201,5100,2019-11-05
3785,3786,Gujarat,Vadodara(Baroda),Karjan,Shanker 6 (B) 30mm FIne,Fibre Crops,124.5,4501,5001,4675,2019-11-07
3786,3787,Gujarat,Vadodara(Baroda),Bodeli,Shanker 6 (B) 30mm FIne,Fibre Crops,91.13,4650,4925,4800,2019-11-09
3791,3792,Gujarat,Vadodara(Baroda),Bodeli,Shanker 6 (B) 30mm FIne,Fibre Crops,87.36,4000,4800,4500,2019-11-11
3801,3802,Gujarat,Vadodara(Baroda),Karjan,Shanker 6 (B) 30mm FIne,Fibre Crops,177.0,4301,4401,4301,2019-11-13
3803,3804,Gujarat,Vadodara(Baroda),Bodeli,Shanker 6 (B) 30mm FIne,Fibre Crops,149.3,4000,4975,4500,2019-11-15
3808,3809,Gujarat,Vadodara(Baroda),Bodeli,Shanker 6 (B) 30mm FIne,Fibre Crops,5.0,4400,4550,4500,2019-11-17
3816,3817,Gujarat,Vadodara(Baroda),Karjan,Shanker 6 (B) 30mm FIne,Fibre Crops,172.0,4301,4501,4451,2019-11-19
3817,3818,Gujarat,Vadodara(Baroda),Bodeli,Shanker 6 (B) 30mm FIne,Fibre Crops,126.45,4600,4800,4700,2019-11-21
3823,3824,Gujarat,Vadodara(Baroda),Bodeli,Shanker 6 (B) 30mm FIne,Fibre Crops,218.9,4500,4871,4700,2019-11-23
3832,3833,Gujarat,Vadodara(Baroda),Karjan,Shanker 6 (B) 30mm FIne,Fibre Crops,228.5,4501,5500,4651,2019-11-25
3834,3835,Gujarat,Vadodara(Baroda),Bodeli,Shanker 6 (B) 30mm FIne,Fibre Crops,166.0,4700,5100,4800,2019-11-27
3839,3840,Gujarat,Vadodara(Baroda),Bodeli,Shanker 6 (B) 30mm FIne,Fibre Crops,304.57,4440,5102,4500,2019-11-29
3848,3849,Gujarat,Vadodara(Baroda),Vagodiya,Other,Fibre Crops,1.2,4000,4800,4500,2019-11-30
3849,3850,Gujarat,Vadodara(Baroda),Bodeli,Shanker 6 (B) 30mm FIne,Fibre Crops,1.2,4646,5050,4800,2019-12-01
3853,3854,Gujarat,Vadodara(Baroda),Bodeli,Shanker 6 (B) 30mm FIne,Fibre Crops,491.02,4750,5100,4850,2019-12-03
3863,3864,Gujarat,Vadodara(Baroda),Jetpur-Pavi,Shanker 6 (B) 30mm FIne,Fibre Crops,59.77,5445,5500,5500,2019-12-05
3864,3865,Gujarat,Vadodara(Baroda),Bodeli,Shanker 6 (B) 30mm FIne,Fibre Crops,449.73,5074,5500,5300,2019-12-07
3875,3876,Gujarat,Vadodara(Baroda),Karjan,Shanker 6 (B) 30mm FIne,Fibre Crops,185.5,4651,5500,4751,2019-12-09
3883,3884,Gujarat,Vadodara(Baroda),Vagodiya,Shanker 6 (B) 30mm FIne,Fibre Crops,1.9,4350,4800,4600,2019-12-11
3889,3890,Gujarat,Vadodara(Baroda),Karjan,Shanker 6 (B) 30mm FIne,Fibre Crops,360.3,4751,5500,4851,2019-12-13
3892,3893,Gujarat,Vadodara(Baroda),Bodeli(Modasar),Shanker 6 (B) 30mm FIne,Fibre Crops,10.2,4911,5400,5100,2019-12-15
3893,3894,Gujarat,Vadodara(Baroda),Bodeli,Shanker 6 (B) 30mm FIne,Fibre Crops,569.88,4911,5400,5100,2019-12-16
3905,3906,Gujarat,Vadodara(Baroda),Savli,Cotton (Unginned),Fibre Crops,11.0,4750,5500,5200,2019-12-17
3910,3911,Gujarat,Vadodara(Baroda),Karjan,Shanker 6 (B) 30mm FIne,Fibre Crops,277.1,4751,5500,4851,2019-12-19
3911,3912,Gujarat,Vadodara(Baroda),Bodeli,Shanker 6 (B) 30mm FIne,Fibre Crops,445.83,5000,5313,5200,2019-12-21
3918,3919,Gujarat,Vadodara(Baroda),Vagodiya,Shanker 6 (B) 30mm FIne,Fibre Crops,1.9,4750,4850,4800,2019-12-22
3926,3927,Gujarat,Vadodara(Baroda),Vagodiya,Shanker 6 (B) 30mm FIne,Fibre Crops,9.7,4500,4700,4650,2019-12-23
3927,3928,Gujarat,Vadodara(Baroda),Bodeli,Shanker 6 (B) 30mm FIne,Fibre Crops,778.78,4800,5300,5000,2019-12-25
3937,3938,Gujarat,Vadodara(Baroda),Karjan,Shanker 6 (B) 30mm FIne,Fibre Crops,373.0,4901,5500,5001,2019-12-27
3943,3944,Gujarat,Vadodara(Baroda),Vagodiya,Shanker 6 (B) 30mm FIne,Fibre Crops,1.4,4590,4900,4750,2019-12-30
3950,3951,Gujarat,Vadodara(Baroda),Vagodiya,Shanker 6 (B) 30mm FIne,Fibre Crops,0.6,4760,4760,4760,2019-12-31
3952,3953,Gujarat,Vadodara(Baroda),Vagodiya,Shanker 6 (B) 30mm FIne,Fibre Crops,0.5,4820,4820,4820,2020-01-01
3953,3954,Gujarat,Vadodara(Baroda),Bodeli,Shanker 6 (B) 30mm FIne,Fibre Crops,194.47,5100,5450,5300,2020-01-03
3959,3960,Gujarat,Vadodara(Baroda),Vagodiya,Shanker 6 (B) 30mm FIne,Fibre Crops,2.4,4750,4850,4800,2020-01-05
3964,3965,Gujarat,Vadodara(Baroda),Jetpur-Pavi,Shanker 6 (B) 30mm FIne,Fibre Crops,207.4,5445,5500,5500,2020-01-07
3966,3967,Gujarat,Vadodara(Baroda),Bodeli,Shanker 6 (B) 30mm FIne,Fibre Crops,733.46,5050,5400,5200,2020-01-08
3977,3978,Gujarat,Vadodara(Baroda),Savli,Cotton (Unginned),Fibre Crops,7.0,5150,5500,5250,2020-01-09
3983,3984,Gujarat,Vadodara(Baroda),Jetpur-Pavi,Shanker 6 (B) 30mm FIne,Fibre Crops,85.14,5445,5500,5500,2020-01-10
3988,3989,Gujarat,Vadodara(Baroda),Bodeli(Kalediya),Shanker 6 (B) 30mm FIne,Fibre Crops,258.04,4700,5250,5000,2020-01-11
1481,1482,Gujarat,Vadodara(Baroda),Karjan,Shanker 6 (B) 30mm FIne,Fibre Crops,131.95,4001,4501,4301,
